What_is_your_gender,What_is_your_level_of_education,How_familiar_are_you_with_using_AI_chatbots,What_task_did_you_attempt_to_complete_using_ChatGPT__eg_Assignment_Research_Calculation_etc,Were_you_able_to_successfully_complete_your_task_using_ChatGPT,How_easy_was_it_to_interact_with_ChatGPT,Was_ChatGPT_able_to_understand_your_questions_or_prompts_accurately,How_effectively_did_ChatGPT_provide_solutions_or_answers_to_your_queries,Did_ChatGPT_save_you_time_in_completing_your_tasks,How_would_you_rate_ChatGPTs_reliability_in_delivering_consistent_responses,Would_you_use_ChatGPT_again_for_similar_tasks,How_engaging_did_you_find_the_interaction_with_ChatGPT,Did_ChatGPTs_responses_feel_natural_and_humanlike,Did_ChatGPTs_responses_evoke_any_emotional_reaction_eg_frustration_delight_confusionShort_answer,How_enjoyable_was_your_experience_with_ChatGPT,Would_you_recommend_ChatGPT_to_others_based_on_your_experience,What_did_you_like_most_about_ChatGPT,What_did_you_dislike_or_find_frustrating_about_ChatGPT,On_a_scale_of_1_to_5_how_would_you_rate_ChatGPT_overall,What_suggestions_do_you_have_for_improving_ChatGPT
Male,Postgraduate,5,Research work,1.0,1,"Yes, completely",,,,,5,Met expectations,Delight and sometimes confusion,N/A,N/A,Response ,N/A,N/A,Irrelevant information somerime
Male,Secondary School,2,code,1.0,5,"Yes, completely",,,,,4,Exceeded expectations,delight,N/A,N/A,allucinate,N/A,N/A,too wordy
Male,Postgraduate,2,Research ,1.0,1,"Yes, completely",,,5.0,,4,Neutral,Short answer delight ,4.0,Definitely,I like it's depth in knowledge ,It can not reason on it own ,4.0,Improve it interactive 
Female,Undergraduate,3,Research ,1.0,3,"Yes, completely",,,2.0,,3,Neutral,Joy,4.0,Neutral,N/A,N/A,3.0,Yes
Female,Undergraduate,5,Assignments,1.0,2,"Yes, partially",,,4.0,,3,Neutral,"Sometimes, it amused me",4.0,Probably,N/A,N/A,4.0,It needs to start accepting images and generating images as well
Female,Undergraduate,3,"Assignment, calculation",1.0,3,"Yes, partially",,,3.0,,3,Most of the time,Yes,3.0,Probably,Ability to have answers to any question and being able to interact with it,N/A,3.0,N/A
Female,Undergraduate,5,"Assignment, research ",1.0,3,"Yes, completely",,,3.0,,4,Neutral,Delight ,3.0,Definitely,It's speed in answering questions ,Some inaccuracies ,3.0,Better results 
Male,Undergraduate,4,everything,1.0,1,"Yes, partially",,,4.0,,3,Most of the time,no,4.0,Probably,alot,nothing,5.0,.
Female,Undergraduate,1,research,1.0,5,"Yes, partially",,,5.0,,5,A;ways,delight,5.0,Definitely,it gave me accurate answers,N/A,5.0,be able to post images and answer them
Male,Undergraduate,5,I have used it for several things usually research and educational purposes and it always delivered wonderfully i rate it (5/5),1.0,1,"Yes, completely",,,5.0,,5,A;ways,"having a session with chatgpt always results in emotions for me, i always feel delighted as its like talking with an experienced professor of computer science who is motivating and kind hearted",5.0,Definitely,"Several things but i'll start from its unique understanding of how to talk to people and hold conversations, its ability to use analogies to break down complex concepts, its ability to make you feel good and motivate you",Nothing at all,5.0,Theres nothing i can think of
Male,Undergraduate,4,Research,,4,"Yes, completely",,,4.0,,4,Neutral,Delight,4.0,Definitely,Not bad,Certain inabilities ,4.0,More interactive 
Male,Undergraduate,4,research,1.0,2,"Yes, completely",,,4.0,,4,Most of the time,confusion,3.0,Definitely,it's easy to use,it's not humane,4.0,more humane responses
Female,Undergraduate,5,"Assignment, research ",1.0,4,"Yes, partially",,,5.0,,4,Neutral,Frustration sometimes,4.0,Definitely,Its makes doing my work so much easier,When it doesnt give me exactly what i want,4.0,Understanding the subtext in questions asked would be much better
Male,Undergraduate,4,An Online test ,1.0,4,"Yes, completely",,,5.0,,4,Most of the time,no,4.0,Definitely,Quick responses ,limited slot to upload  pictures,4.0,N/A
Male,Undergraduate,5,"Assignment, Calculation, code, etc.",1.0,4,"Yes, partially",,,4.0,,4,Most of the time,No,4.0,Probably,It's fast,it's not human like,4.0,??
Female,Undergraduate,1,Assignment,1.0,1,"Yes, partially",,,3.0,,3,Neutral,delight,3.0,Probably,N/A,N/A,4.0,none
Male,Undergraduate,3,Research,,3,"Yes, partially",,,3.0,,3,Neutral,delight,3.0,Definitely,Answer,late,3.0,quick
Male,Undergraduate,3,assignment and research,1.0,1,"Yes, partially",,,4.0,,4,Neutral,confusion,4.0,Definitely,N/A,N/A,4.0,make answers clear
Female,Undergraduate,5,Research,,1,"Yes, completely",,,4.0,,4,Most of the time,Delight,4.0,Definitely,It's ability to relate with you on a personal level if needed and it's ability to ask which response you prefer,Some of it's results are not reliable,4.0,ChatGpt should be able to clearly define how it came about some answers
Female,Undergraduate,5,Assignments ,,4,"Yes, partially",,,4.0,,4,Rarely,Nope,3.0,Definitely,Quick responses and the ability to gibe multiple answers ,Sometimes it doesn't give me what i ask for ,4.0,Non
Male,Undergraduate,5,research,1.0,4,"Yes, completely",,,5.0,,5,Neutral,delight,4.0,Definitely,reliability,N/A,4.0,nothing
Female,Undergraduate,5,Assignment,1.0,1,"Yes, partially",,,4.0,,4,Most of the time,Confusion,4.0,Probably,Ability to answer and solve question accurately ,Confusion,4.0,Ability to make students think and not fully depend on ChatGPT
Male,Undergraduate,3,research,1.0,3,"Yes, partially",,,4.0,,4,Neutral,not really,3.0,Neutral,it's accuracy,it's minor limitation in getting question,4.0,can't explain right now
Male,Undergraduate,3,Coding Projects and Resarch and more,,4,"Yes, partially",,,3.0,,3,Neutral,delight,2.0,Definitely,the response,the act that it gave me my answers in hallusination,3.0,avoid AI halluication
Male,Undergraduate,3,A lot,1.0,1,"Yes, completely",,,4.0,,4,Most of the time, no,4.0,Definitely,learnability,no,4.0,free for all
Male,Undergraduate,4,"Assignments, Test, personnel development ",1.0,5,"Yes, completely",,,5.0,,3,Rarely,Not really ,4.0,Definitely,"Response, voice chat",N/A,5.0,Better ui
Male;Female,Undergraduate,4,"Assignments, Programming, and so many other things",1.0,4,"Yes, partially",,,4.0,,4,Most of the time,"yes, delight",4.0,Definitely,Interaction. vocal communication,It's inaccuracies sometimes,4.0,refine the data given to it and give it more refined and verified data.. It will help its accuracy
Male,Undergraduate,3,assignment,1.0,3,"Yes, completely",,,4.0,,3,Most of the time,not really,3.0,Definitely,sharing extra information regarding a task,nothing really,4.0,nothing
Male,Undergraduate,4,Assignment,1.0,1,"Yes, completely",,,3.0,,4,Most of the time,no,4.0,Probably,very easy to understand,sometimes it does not give correct answer,4.0,nothing
Male,Undergraduate,5,Research ,1.0,1,"Yes, completely",,,3.0,,4,Neutral,Nope,4.0,Definitely,Ability to answer immediately with extra thoughts,N/A,4.0,No idea
Male,Undergraduate,4,Research,1.0,2,"Yes, partially",,,4.0,,4,Neutral,Delight,5.0,Definitely,Everything,Nothing ,5.0,Voice text should be created 
Male,Undergraduate,5,Everything,1.0,1,"Yes, completely",,,5.0,,5,Neutral,No,4.0,Definitely,"That it has most of the answers I need, and gives good feedback ",No nigh-perfect humanlike response,4.0,"Make it more human like, give it emmotions"
Male,Undergraduate,2,Research ,,3,"Yes, partially",,,3.0,,3,Rarely,Just there,3.0,Neutral,The speed of its answer ,The fact that they are wrong sometimes ,3.0,The answers should be more accurate 
Male,Undergraduate,4,"Assignment, Coding,Calculation ",1.0,3,"Yes, partially",,,3.0,,4,Neutral,Not ,3.0,Probably,ChatGPT gives me the answers i want ,It gives wrong answers at time ,2.0,Maybe so that it can be giving correct answers
Female,Undergraduate,3,Assignment and research,,3,"Yes, partially",,,3.0,,3,Never,Frustation or delight,3.0,Probably,It gives me a clue to my answer,Not giving prompt answer,3.0,More accurate answers
Female,Undergraduate,5,Assignments ,1.0,3,"Yes, partially",,,4.0,,3,Most of the time,Frustration ,3.0,Probably,ü§∑üèΩ‚Äç‚ôÄÔ∏è,ü§∑üèΩ‚Äç‚ôÄÔ∏è,4.0,ü§∑üèΩ‚Äç‚ôÄÔ∏è
Female,Undergraduate,4,assignment,0.0,2,"Yes, partially",,,4.0,,3,Most of the time,frustration,3.0,Probably,is easy to use ,it did not give me a good resaponse ,3.0,the response should be easy to understand 
Male,Undergraduate,4,Research,1.0,4,"No, not at all",,,4.0,,3,Neutral,delight,4.0,Neutral,reponses,it ability to not understand questions sometimes ,4.0,reliable answers
Female,Undergraduate,4,Research,1.0,1,"Yes, partially",,,4.0,,2,Rarely,Confusion,3.0,Neutral,Nothing really,Doesnot give direct answers,3.0,Better UI
Male,Undergraduate,4,"Research, calculation",1.0,1,"Yes, completely",,,5.0,,3,Neutral,No,4.0,Definitely,How it answers question,Nothing,5.0,they should make uploading of pictures better 
Female,Undergraduate,5,"assignments, research, calculation, development and so on",1.0,2,"Yes, completely",,,5.0,,5,Most of the time,"happiness, sadness",4.0,Probably,answers to my questions,nothing,4.0,context awareness 
Male,Undergraduate,3,"Assignments, Research",1.0,4,"Yes, partially",,,3.0,,5,Never,No,4.0,Neutral,Answers questions ,Not giving accurate answer,4.0,Connect with emotions which is not possible 
Male,Undergraduate,4,Assignments and research,1.0,1,"Yes, completely",,,4.0,,4,Neutral,Delight,5.0,Definitely,Efficient responses to prompts,Not always answering to context,4.0,Involving of interactive learning tools 
Female,Secondary School,4,"Research, assignment ",,4,"Yes, partially",,,4.0,,4,Neutral,"Yes, somewhat. ",4.0,Probably,"Availability, consistency and speed ",It's inability to understand some of my prompts correctly and also giving of not giving specific answers at times,4.0,Features like more human interactivity should be added. 
Female,Undergraduate,3,assignment ,1.0,3,"Yes, completely",,,3.0,,3,A;ways,no,3.0,Definitely,quick response ,long answer,2.0,no
Male,Undergraduate,5,"Coding, research and some clarifications.",1.0,3,"Yes, partially",,,3.0,,3,Neutral,"Sometimes delight, other times a bit of frustration.",4.0,Definitely,"Fast and timely response, file reading capabilities, use of previous chats or memory to infer solutions.","At times, unnecessary downtimes.",4.0,Integration capability to IDE or programming environment and capabilities to give correct references to research topics.
Male,Undergraduate,5,"Assignment, curious questions, and Clarification in cloud computing",1.0,2,"Yes, partially",,,3.0,,4,Most of the time,"Yes, but not always",4.0,Definitely,Ability to answer curious questions that are not easy to find online,Doesn't get the question some this and the limit of usage,4.0,Increase limit of usage and to study the user to know how to interact with them better 
Female,Undergraduate,4,assignments,1.0,2,"Yes, partially",,,3.0,,3,Never,sometimes,3.0,Definitely,N/A,N/A,4.0,more accuracy
Female,Undergraduate,3,Research ,,3,"Yes, partially",,,3.0,,4,Neutral,I don't know ,4.0,Probably,User friendly ,Inaccurate answers ,3.0,Improve accuracy 
Male,Undergraduate,4,Research,1.0,5,"Yes, completely",,,4.0,,4,Most of the time,Better understanding,4.0,Definitely,It is user-friendly.,"Nothing, so far.",4.0,Break down complex tasks into simpler ones.
Female,Undergraduate,3,Research and assignment,,4,"Yes, partially",,,4.0,,3,Neutral,no,3.0,Probably,it makes my work easier to understand,sometimes it doesn't get my question ,3.0,i don't have any
Female,Undergraduate,4,"Assignments, interactions, questions ",1.0,1,"Yes, completely",,,4.0,,3,Neutral,Satisfaction ,4.0,Definitely,It‚Äôs knowledge expansion ,Nothing ,4.0,Compatibility for all devices
Female,Undergraduate,4,"Assignment, research, interactions",1.0,1,"Yes, completely",,,4.0,,4,Neutral,Satisfaction ,5.0,Definitely,World-wide knowledge based,Nothing,4.0,It should be more compatible for all devices 
Male,Undergraduate,5,research and assignment,1.0,1,"Yes, completely",,,5.0,,5,Most of the time,sometimes confusion,4.0,Probably,giving detailed responses and extensively report,giving different approaches or answers to same questions when redirecting the questions again which confuses sometimes,4.0,"firstly, when user types a question in to the search bar the answers come forth but the answers are not to be responded via the internet connection speed. it is meant to respond immediately after the questions has been typed without the answers coming forth via the intenet connection speed"
Male,Undergraduate,5,Assignments,1.0,1,"Yes, completely",,,5.0,,4,Most of the time,No,4.0,Definitely,How concise it is,The vague,4.0,Nothing 
Female,Undergraduate,3,Research,,4,"Yes, partially",,,4.0,,3,Rarely,no,3.0,Neutral,N/A,N/A,3.0,more humane
Male,Undergraduate,5,Assignment and Research ,1.0,1,"Yes, completely",,,5.0,,5,A;ways,no,5.0,Definitely,N/A,N/A,5.0,no
Female,Undergraduate,2,research,,3,"Yes, partially",,,3.0,,3,Rarely,delight,3.0,Probably,The speed in response,Nothing,3.0,Nothing
Female,Undergraduate,5,Assignments ,1.0,1,"Yes, completely",,,5.0,,3,Neutral,Delight,4.0,Probably,N/A,N/A,4.0,Nothing 
Male,Undergraduate,4,"ASSIGNMENTS,LINE OF CODES, RESEARCH GRAPHIC DESIGNS E.T.C",1.0,1,"Yes, completely",,,4.0,,4,A;ways,not at all,4.0,Definitely,quick and straightforward answers to questions on any area of life,"I need it answers to be more definite, precise .",4.0,Let the answers  no sense of A.I in the answers
Male,Undergraduate,3,Assignment ,1.0,2,"Yes, completely",,,4.0,,4,Most of the time,Confusion ,4.0,Definitely,It is free,You need to pay,4.0,Make it more free
Male,Undergraduate,5,Resarch,1.0,5,"Yes, completely",,,4.0,,4,Neutral,No,4.0,Neutral,Large response,Slow ,3.0,Speed and efficiency 
Male,Undergraduate,4,I asked Chatgpt to help me program in Java to help me study for my tests ,1.0,3,"Yes, partially",,,4.0,,4,Rarely,Frustrating ,4.0,Definitely,"It goes straight to the point, straight to your question ",It sometimes misunderstands or gives different answers from what could be seen on the internet or what our lecturer's teaches us ,3.0,"Nothing much, It will get better gradually by collecting data from users and learning user's preferences "
Female,Undergraduate,5,Research ,1.0,5,"Yes, completely",,,5.0,,5,Neutral,Delightful ,4.0,Neutral,Everything ,Nothing ,3.0,Everything is fine 
Female,Undergraduate,5,Assignment,1.0,5,"Yes, completely",,,3.0,,4,Neutral,It doesn‚Äôt ,3.0,Definitely,Easy to use,It can be wrong at times,3.0,It should be consistent with right answers
Male,Undergraduate,5,Assignment ,1.0,2,"Yes, partially",,,3.0,,4,Neutral,No,4.0,Probably,Free,Free limit,4.0,Free
Male,Undergraduate,4,Assignment,1.0,4,"Yes, completely",,,4.0,,4,Most of the time,Sometimes,5.0,Definitely,Speed,Unreliable ,5.0,End it
Female;Prefer not to say,Undergraduate,5,Assignment ,1.0,5,"Yes, completely",,,5.0,,5,Most of the time,N/A,5.0,Definitely,Nothing ,Nothing ,5.0,Nothing 
Male,Undergraduate,5,Assitance in Coding,1.0,1,"Yes, completely",,,5.0,,5,Most of the time,Sometimes,5.0,Definitely,Speed and accuracy in answers,sometimes it doesn't go straight to the point,5.0,Nothing
Male,Undergraduate,5,Assignment ,1.0,5,"Yes, completely",,,5.0,,5,A;ways,Frustration ,5.0,Definitely,Its effectiveness ,It‚Äôs doesn‚Äôt give a precise answe ,5.0,Giving precise answers 
Female,Undergraduate,5,Assignments,1.0,1,"Yes, completely",,,5.0,,5,Most of the time,Happiness ,5.0,Definitely,it is reliable ,Nothing ,5.0,To make the answer more human like
Female,Undergraduate,5,"Assignment, business and a lot of things ",,3,"Yes, partially",,,3.0,,4,Most of the time,Confusion and anger sometimes ,3.0,Probably,N/A,N/A,4.0,Nothing much
Female,Undergraduate,5,Assignment ,1.0,4,"Yes, completely",,,4.0,,4,Neutral,Delight,4.0,Definitely,It‚Äôs efficiency ,Nothing,4.0,No suggestion 
Female,Undergraduate,3,Assignments ,,5,"Yes, partially",,,4.0,,4,Neutral,Delight ,3.0,Neutral,It helps in doing my assignments ,It doesn't work wothour connecting to internet ,3.0,They should make it work without using internet 
Female;Prefer not to say,Undergraduate,4,Research,1.0,5,"Yes, completely",,,4.0,,4,Most of the time,No,4.0,Definitely,Fast response,I don‚Äôt know,4.0,Nothing
Female,Undergraduate,4,"Research, Assignment",1.0,1,"Yes, partially",,,4.0,,4,Neutral,No ,4.0,Probably,PRompt,Slow,3.0,IDK
Female,Undergraduate,5,Assignments ,1.0,2,"Yes, completely",,,4.0,,4,Most of the time,Delight,4.0,Definitely,Reliability ,Might not understand the question totally ,5.0,Maybe offline mode
Male,Undergraduate,5,Assignment,1.0,1,"Yes, completely",,,4.0,,4,Neutral,No,4.0,Probably,Interactivity,Lacked emotional connectivity,4.0,Focus more on connecting with users.
Male,Undergraduate,3,Assignment ,1.0,4,"Yes, completely",,,4.0,,5,A;ways,Delight,4.0,Definitely,Interactive ,Nothing ,4.0,Saving progress differently 
Male,Undergraduate,4,Assignments calculations and research mostly research,1.0,2,"Yes, completely",,,3.0,,4,Neutral,No,4.0,Probably,The way it's able to answer a question in many different ways based on the structuring of the question,Sometimes it doesn't hit the nail on the head,4.0,It should become m more interactive
Female,Undergraduate,3,"Assignments,Research",1.0,5,"Yes, completely",,,4.0,,5,Most of the time,delight,5.0,Definitely,Versatile,nothing,5.0,idk
Female,Undergraduate,2,Assignment,1.0,3,"Yes, partially",,,4.0,,4,Most of the time,Confusion,3.0,Definitely,It‚Äôs effectiveness,It‚Äôs slow,3.0,Nothing
Female,Undergraduate,5,Assignment,1.0,4,"Yes, completely",,,4.0,,4,Most of the time,Delight,4.0,Neutral,Versatility,Nothing,4.0,IDK
Male,Undergraduate,3,Research,1.0,4,"Yes, completely",,,4.0,,4,Most of the time,Delight,4.0,Probably,Tenacity to answer the questions,Nothing,4.0,Nothing
Female,Undergraduate,5,Assignment,1.0,1,"Yes, completely",,,4.0,,4,Most of the time,No,5.0,Definitely,Accuracy and speed,Nothing,5.0,none
Male,Undergraduate,5,Code and research,1.0,5,"Yes, completely",,,5.0,,5,Most of the time,Delight,5.0,Definitely,The quick response and detailed answers,N/A,5.0,Trian with more data
Female,Undergraduate,3,"Assignment,Research,Correction of error /bugs ",1.0,2,"Yes, completely",,,5.0,,4,Neutral,No,3.0,Definitely,Speed and efficiency ,Nothing ,4.0,Nothing 
Male,Undergraduate,5,Assignment ,1.0,2,"Yes, partially",,,3.0,,4,Neutral,No,3.0,Probably,N/A,N/A,4.0,I don't have any.
Female,Undergraduate,4,Assignment,1.0,5,"Yes, completely",,,5.0,,5,Most of the time,delight,5.0,Definitely,simplicity,nothing,5.0,none
Male,Undergraduate,3,nothing,,3,"Yes, partially",,,3.0,,3,Neutral,nothing,3.0,Neutral,nothing,yes,3.0,idk
Female,Undergraduate,5,Assignment,1.0,1,"Yes, completely",,,4.0,,4,Most of the time,no,4.0,Definitely,nil,nil,4.0,nil
Male,Undergraduate,4,Research,1.0,4,"Yes, completely",,,4.0,,4,Most of the time,no,4.0,Probably,Response time,nothing,4.0,more interactive Please
Male,Undergraduate,5,"Assignment, research , programming, learning ",1.0,5,"Yes, completely",,,4.0,,5,Most of the time,Delight ,4.0,Definitely,It's ability to streamline bulky stuff and give me just what is needed per time,Sometimes AI can hallucinate. Give related answer that is not necessarily correct ,4.0,More accuracy 
Male,Undergraduate,4,"Calculation,research etc",1.0,1,"Yes, completely",,,5.0,,4,Most of the time,No,4.0,Definitely,It was easy to use,Sometimes it's slow,5.0,More updates 
Female,Undergraduate,3,Assignment ,,3,"Yes, partially",,,2.0,,3,Neutral,Confusion,3.0,Neutral,Speed,Inaccuracy,4.0,Accuracy and understanding 
Female,Undergraduate,5,assignment,1.0,2,"Yes, completely",,,5.0,,5,Most of the time,delight,5.0,Definitely,simplicity,nothing,5.0,none
Male,Undergraduate,4,research,1.0,4,"Yes, completely",,,4.0,,4,Neutral,delight,3.0,Probably,Response time,Nothing,4.0,Nothing
Female,Undergraduate,3,Research,0.0,3,"Yes, completely",,,2.0,,2,Most of the time,No,3.0,Probably,Prompt,No,3.0,IDK
Female,Undergraduate,5,research,1.0,2,"Yes, partially",,,5.0,,5,A;ways,delight,5.0,Definitely,simplicity,nothing,5.0,none
Male,Undergraduate,1,Assignment ,1.0,1,"Yes, completely",,,4.0,,3,Rarely,No,3.0,Probably,Fast response ,Re asking questions ,4.0,Fast processing 
Female,Undergraduate,3,Assignment and research ,1.0,4,"Yes, completely",,,3.0,,2,Neutral,Frustration,2.0,Neutral,It gave fast and reasonable anwsers,N/A,2.0,Accuracy 
Male,Undergraduate,5,Research,1.0,1,"Yes, completely",,,4.0,,4,Most of the time,Delight,4.0,Definitely,Fast,Nothing,5.0,Nothing 
Male,Undergraduate,5,"Assignment, research, projects ",1.0,3,"Yes, completely",,,3.0,,3,Neutral,Not really ,4.0,Definitely,It's ability to answer any type of question ,The answers may differ due to people's points of view ,4.0,Not really I like how it is 
Male,Undergraduate,4,calculation,1.0,4,"Yes, completely",,,5.0,,4,Most of the time,delight,4.0,Definitely,acccuracy,nothing,4.0,nill
Female,Undergraduate,4,research,1.0,2,"Yes, partially",,,4.0,,4,Most of the time,delight,4.0,Probably,How easy the answeers are to understand,The length of the answers,4.0,More human like responses
Male,Undergraduate,1,Assignment ,1.0,3,"Yes, completely",,,3.0,,3,Most of the time,No,3.0,Definitely,Fast response ,Nothing ,3.0,Nothing 
Male,Undergraduate,3,Research ,1.0,2,"Yes, partially",,,3.0,,3,Most of the time,Frustation,3.0,Probably,Clarification ,Wrong interpretation to questions,3.0,Proper interpretation to questions 
Male,Undergraduate,3,"assignment, research",1.0,1,"Yes, partially",,,4.0,,3,Most of the time,delight,3.0,Probably,Effectiveness,answers/solutions aren't  completely accurate,4.0,Improved accuracy
Male,Undergraduate,4,Assignment ,1.0,1,"Yes, completely",,,4.0,,4,Most of the time,Delight ,4.0,Definitely,Fast,Nothing,4.0,Nil
Male,Undergraduate,5,assignments,1.0,1,"Yes, completely",,,5.0,,5,A;ways,delight,5.0,Definitely,everything,nothing,5.0,nothing
Male,Undergraduate,5,research and assignment,1.0,5,"Yes, completely",,,4.0,,4,Most of the time,confusion,4.0,Probably,detailed response and extensively report,different response to same question when redirecting the questions,4.0,i think they should stop giving responses due to internet connection speed
Male,Undergraduate,4,assignments,1.0,1,"Yes, completely",,,4.0,,3,Most of the time,no,3.0,Definitely,it's responses,nothing,4.0,no suggestion
Male,Undergraduate,4,Research,1.0,5,"Yes, completely",,,5.0,,5,Most of the time,Delight,5.0,Definitely,Speed,Nothing,5.0,nothing
Male,Undergraduate,4,Research ,1.0,4,"Yes, completely",,,4.0,,4,Most of the time,Not really ,4.0,Definitely,Accuracy ,Not precise,4.0,Calculation wise
Male,Undergraduate,4,research,1.0,4,"Yes, completely",,,4.0,,4,Most of the time,delight,4.0,Definitely,efficiency,nothing,4.0,nothing
Male,Undergraduate,4,Research ,1.0,4,"Yes, completely",,,4.0,,5,A;ways,Confusion ,5.0,Definitely,How helpful it can be,How confusing it can be,5.0,To be more specific when giving answers
Male,Undergraduate,5,research,1.0,5,"Yes, completely",,,5.0,,5,A;ways,No,4.0,Definitely,Action,nil,3.0,Nil
Female,Undergraduate,3,all,1.0,2,"Yes, partially",,,3.0,,2,Neutral,why,2.0,Definitely,nothing,why,3.0,idk
Male,Undergraduate,5,Calculation,,3,"Yes, partially",,,5.0,,5,Most of the time,Confusion,3.0,Probably,simplicity,N/A,4.0,none
Male,Undergraduate,3,Assignment ,,3,"Yes, partially",,,3.0,,3,Most of the time,Not every time,3.0,Probably,Jack of all trade,Inaccuracy ,3.0,Better understand of the human for better interaction 
Male,Undergraduate,5,Assignment ,1.0,1,"Yes, completely",,,5.0,,5,A;ways,No ,5.0,Definitely,Versertility ,Nothing ,5.0,Nothing 
Male,Undergraduate,1,Research,,2,"Yes, completely",,,3.0,,3,Rarely,Yes,4.0,Definitely,Precision,Precision,4.0,Nothing
Male,Undergraduate,5,Research,1.0,4,"Yes, completely",,,4.0,,4,Most of the time,No,4.0,Definitely,Effective response,Nil,5.0,Nil
Male,Undergraduate,5,Assignment,1.0,1,"Yes, completely",,,5.0,,5,A;ways,delight,5.0,Definitely,simplicity,nothing,5.0,nothing
Male,Undergraduate,5,...,1.0,1,"Yes, completely",,,5.0,,5,Most of the time,"..,",5.0,Definitely,...,...,5.0,...
Male,Undergraduate,3,Research,,4,"Yes, completely",,,4.0,,3,Neutral,N/A,3.0,Probably,Speed and precision of search,N/A,4.0,Reduced price for subscription 
Male,Undergraduate,3,research ,1.0,4,"Yes, partially",,,4.0,,4,Neutral,nil,4.0,Definitely,fast,no,4.0,research
Male,Undergraduate,4,Hhh,1.0,2,"Yes, completely",,,1.0,,3,A;ways,Hhe,2.0,Definitely,Ydh,Hey,2.0,Hdh
Male,Undergraduate,5,Research,1.0,1,"Yes, completely",,,5.0,,5,A;ways,delight,5.0,Definitely,everything,nothing,5.0,nothing
Male,Undergraduate,4,Assignment ,1.0,4,"Yes, partially",,,4.0,,5,Most of the time,Delight ,4.0,Probably,Good,Slow,4.0,Change the UI
Male,Undergraduate,4,research,1.0,5,"Yes, completely",,,4.0,,4,A;ways,nil,5.0,Probably,fast,nil,4.0,nil
Male,Undergraduate,1,Assignment ,1.0,1,"Yes, completely",,,5.0,,4,Neutral,Delight,3.0,Definitely,It's effectiveness ,Nothing,4.0,Get better 
Male,Undergraduate,2,Chop rice,0.0,2,"Yes, completely",,,1.0,,1,Most of the time,3eec,1.0,Probably,Dce,Cehrip,1.0,Ere
Male,Undergraduate,5,"Assignment, Calculation",1.0,5,"Yes, completely",,,4.0,,5,Most of the time,No,4.0,Definitely,It's simplicity ,Nothing much ,5.0,N/A
Male,Secondary School,1,Uyh,1.0,2,"Yes, partially",,,1.0,,1,A;ways,Hey,2.0,Definitely,Hey,Hey,2.0,Hey
Male,Undergraduate,5,Research,1.0,1,"Yes, completely",,,4.0,,4,A;ways,Delight,4.0,Definitely,Everything ,Nothing,4.0,Reliable and accurate data 
Male,Undergraduate,4,nil,1.0,4,"Yes, completely",,,3.0,,3,Most of the time,no,3.0,Probably,nothing,nothing,3.0,nothing
Male,Undergraduate,2,Hey,1.0,1,"Yes, completely",,,1.0,,1,A;ways,Yes,1.0,Definitely,Okay,I,1.0,Me
Male,Undergraduate,3,Assignment and Research ,,3,"Yes, partially",,,3.0,,3,Most of the time,Delight,3.0,Definitely,Effectiveness and speed,The amount for subscription ,4.0,They should reduce the price for subscription 
Male,Undergraduate,5,Research,1.0,5,"Yes, completely",,,5.0,,5,Most of the time,Delight,5.0,Definitely,Speed,Nothing,5.0,N/A
Male,Undergraduate,4,Research ,1.0,1,"Yes, completely",,,4.0,,4,Most of the time,Delight,4.0,Definitely,The responses are real life based,N/A,5.0,Make it more lively
Male,Undergraduate,1,Ghg,1.0,1,"Yes, partially",,,1.0,,2,Most of the time,Oko,1.0,Definitely,Ik,Yughh,1.0,Hjh
Male,Undergraduate,3,research,0.0,4,"Yes, completely",,,5.0,,4,A;ways,nil,4.0,Definitely,everything,nothing,5.0,nothing
Male,Undergraduate,5,"Assignment, Research, calculation and coding",1.0,4,"Yes, partially",,,3.0,,4,Rarely,Frustration ,3.0,Definitely,It gives a lot of information ,It did not give me what I wanted,4.0,It should try to understand prompts better
Male,Undergraduate,5,Research ,1.0,5,"Yes, completely",,,5.0,,5,A;ways,Delight ,5.0,Definitely,It's fast response ,It's complexity in explaining,5.0,Better explanation and less complexity 
Male,Secondary School,1,Hddh,1.0,4,"Yes, partially",,,4.0,,4,Neutral,Chop rice,4.0,Probably,Eeeee,Chop rice,3.0,No meat
Male,Undergraduate,1,nthn,,1,"Yes, partially",,,2.0,,3,Neutral,frustration,3.0,Neutral,lmao,lol,2.0,"they should return the money back to the investors, app is shit"
Male,Undergraduate,4,Research ,1.0,2,"Yes, completely",,,5.0,,5,A;ways,Delight ,5.0,Probably,Al and ml,Code(programming),4.0,Learning and studying 
Male,Undergraduate,5,Research,1.0,4,"Yes, completely",,,4.0,,4,A;ways,Normal,4.0,Definitely,Response Time,Nothing,4.0,Nothing
Male,Undergraduate,5,"Assignment, research, Calculation, discovery",1.0,1,"Yes, partially",,,5.0,,5,Most of the time,Frustration sometimes ,4.0,Definitely,It's vast knowledge base and ability to communicate new concepts ,It's roundabout nature in answering definitive questions ,5.0,Make some types of answers more concise
Male,Undergraduate,5,Calculation,1.0,1,"Yes, partially",,,3.0,,5,Most of the time,Confusion,3.0,Definitely,It understands my questions ,It can confuse me at times,5.0,It should reduce the way it confuse people
Male,Undergraduate,2,fd,,2,"Yes, partially",,,2.0,,2,Most of the time,hd,2.0,Probably,en,dnd,5.0,hehe
Female,Undergraduate,4,Research ,1.0,5,"Yes, completely",,,5.0,,4,A;ways,Delight ,4.0,Definitely,Everything ,Doesn't give coreect answer sometimes ,4.0,Give correct answers 
Male,Undergraduate,4,"Research, Programming",,3,"No, not at all",,,2.0,,3,Rarely,Frustration,2.0,Probably not,Nothing,It's ass,2.0,Rest
Male,Undergraduate,3,"Assignment, Research and information gathering ",1.0,3,"Yes, partially",,,3.0,,3,Neutral,Frustration ,3.0,Definitely,It gave a lot of information about a subject ,Incorrect answers sometimes ,3.0,Accurate solutions to problems and questions
Male,Undergraduate,5,All,1.0,5,"Yes, completely",,,5.0,,5,Most of the time,Sometimes ,5.0,Definitely,4th version ,Nothing ,5.0,Human like vibe
Male,Undergraduate,2,lol,0.0,1,"Yes, partially",,,2.0,,1,Most of the time,lmao,2.0,Definitely,lol,lmao,2.0,omoooo
Male,Undergraduate,3,reseasrch,1.0,3,"Yes, completely",,,3.0,,3,Neutral,no,3.0,Neutral,no,no,3.0,no
Male,Undergraduate,2,Yyyyy,0.0,5,"Yes, partially",,,4.0,,2,Most of the time,Yyy,3.0,Probably,N/A,N/A,2.0,Yyyy
Male,Undergraduate,5,"Assignment, Research, entertainment ",1.0,1,"Yes, completely",,,5.0,,4,Most of the time,Ecstatic,5.0,Definitely,It‚Äôs resourcefulness,Incomplete inhumaness,4.0,The ability for chatgpt to Ben human like
Male,Undergraduate,5,assignment and research,1.0,4,"Yes, partially",,,4.0,,4,Rarely,none,3.0,Definitely,the response time,N/A,5.0,it should be up to date
Male,Undergraduate,5,All mentioned above,1.0,1,"Yes, completely",,,5.0,,4,Most of the time,None stated above,4.0,Definitely,Fast solutions,Nothing I can remember of,4.0,Increase the limits for non-premium users
Male,Undergraduate,4,Assignemnts,1.0,4,"Yes, partially",,,4.0,,3,Most of the time,Delght ,4.0,Neutral,Its fast respojce time ,Its inhumqn nature ,4.0,Nothing 
Female,Undergraduate,5,"Research, assignment, personal projects ",1.0,1,"Yes, partially",,,4.0,,3,Most of the time,delight,3.0,Neutral,it's efficiency ,too much explanation ,4.0,not really
Male,Undergraduate,5,Assignment ,1.0,1,"Yes, completely",,,5.0,,4,Neutral,Esctactiness ,4.0,Definitely,It‚Äôs resourcesfulness,It‚Äôs inhumaness,4.0,The ability to have human conversations 
Male,Undergraduate,5,Research and Assignment,,3,"Yes, partially",,,3.0,,3,Neutral,Prefer not to say,3.0,Neutral,Nothing ,Nothing,3.0,Not my business it is your to fix 
Male,Undergraduate,2,Calculations ,1.0,2,"Yes, partially",,,2.0,,2,Most of the time,Confusion ,3.0,Probably,Nothing ,Nothing ,2.0,Nothing 
Male,Undergraduate,3,ASSIGNMENT,1.0,1,"Yes, completely",,,4.0,,4,Most of the time,DELIGHT,5.0,Definitely,Saves time,Summarizes answers,3.0,Nil
Male,Undergraduate,4,Research ,1.0,3,"Yes, completely",,,4.0,,4,Most of the time,Confusion ,4.0,Definitely,It's gives accurate answers sometimes,Its get glitchy at times,4.0,I suggest they should improve it so its wont get glitchy again 
Male,Undergraduate,5,"Assigment, code debugging, research",1.0,5,"Yes, partially",,,4.0,,5,Most of the time,No,5.0,Definitely,The way you can interact with it,N/A,4.0,They should have a maths solver feature 
Female,Undergraduate,5,"Research,assignment ",1.0,1,"Yes, completely",,,5.0,,5,Most of the time,Delight ,5.0,Probably,Accuracy,Nothing ,5.0,Their platform should be more fast
Male,Undergraduate,5,"Assignments, research, calculations ",1.0,1,"Yes, completely",,,4.0,,3,Neutral,No,4.0,Probably,The reply accuracy and speed,Nothing,4.0,No suggestions 
Male,Undergraduate,5,Assignment and research and personal assistant ,1.0,5,"Yes, completely",,,5.0,,5,A;ways,No,5.0,Definitely,The way it answers ,Nothing ,5.0,Make it free 
Male,Undergraduate,3,Daily tasks,1.0,4,"Yes, completely",,,4.0,,5,Most of the time,No,5.0,Definitely,It's effective and efficient,Nothing really ,4.0,Making chat gpt 4.0 or mini active your all users
Male,Undergraduate,4,Assignment ,1.0,2,"Yes, partially",,,4.0,,4,Neutral,No,4.0,Probably,Speed,Nothing ,4.0,Should be free for all
Male,Undergraduate,5,"Assignment, research and personal assistant ",1.0,5,"Yes, completely",,,5.0,,5,A;ways,No,5.0,Definitely,The way is answers questions ,Nothing ,5.0,Pictures 
Male,Undergraduate,4,Assignments research calculations ,1.0,3,"Yes, completely",,,5.0,,4,Most of the time,Delight,4.0,Probably,Correct answers,Nothing ,4.0,No premium 
Male,Undergraduate,2,Assignment ,1.0,1,"Yes, completely",,,3.0,,4,Neutral,Delight,4.0,Definitely,Its efficiency ,N/A,4.0,Offline
Male,Undergraduate,5, Code debugging ,1.0,5,"Yes, completely",,,4.0,,5,Most of the time,Okay,5.0,Definitely,The upload image feature,Nothing,4.0,They should provide a maths solver feature 
Male,Undergraduate,1,Assignment ,1.0,3,"Yes, completely",,,1.0,,1,Neutral,Delight ,3.0,Neutral,Answers,Nothing ,1.0,Nothing 
Male,Undergraduate,1,"assignment,research",,1,"No, not at all",,,1.0,,1,Neutral,frustration,1.0,Neutral,nothing,everything,1.0,no
Male,Postgraduate,4,Assignment,1.0,2,"Yes, completely",,,4.0,,4,Neutral,Delight ,4.0,Definitely,It's fast,Nothing ,4.0,No suggestions 
Male,Undergraduate,5,Research ,1.0,4,"Yes, completely",,,5.0,,4,Neutral,Nothing,4.0,Neutral,Responsive ,Stressful,4.0,Nothing really
Male,Undergraduate,3,Assignment,1.0,2,"Yes, completely",,,3.0,,3,Neutral,Confusion,3.0,Probably,Result,Wrong Answer,3.0,Expand the search limit
Male,Undergraduate,5,Assignment ,1.0,5,"Yes, completely",,,5.0,,5,Neutral,No,5.0,Definitely,Fast,Nothing,5.0,Expend search limit
Male,Undergraduate,3,"assignment ,calculation, research",1.0,4,"Yes, partially",,,2.0,,2,Most of the time,confusion,2.0,Neutral,it response,it response,3.0,nothing
Male,Undergraduate,4,Assignment ,1.0,2,"Yes, completely",,,4.0,,4,Most of the time,Delight ,4.0,Definitely,Answers,Nothing ,4.0,Nothing 
Male,Undergraduate,4,"Assignment, Research, Calculation, etc. ",1.0,1,"Yes, completely",,,5.0,,5,Neutral,"frustration, delight & confusion in different cases ",4.0,Definitely,everything ,no,5.0,none
Female,Undergraduate,4,Assignment ,1.0,2,"Yes, completely",,,3.0,,4,Neutral,Short answer,4.0,Definitely,It is efficient ,You have to sign in to save your works ,4.0,N/A
Female,Undergraduate,5,"Assignment,Research",1.0,1,"Yes, partially",,,3.0,,3,Neutral,delight,3.0,Definitely,It provided answers most of the time,When is is wrong,3.0,it should be more senstitive
Male,Undergraduate,4,Assignment ,1.0,2,"Yes, completely",,,4.0,,4,A;ways,Delight ,4.0,Definitely,It's fast,Nothing ,4.0,Premium 
Female,Undergraduate,5,"Assignments, research, calculations and gist buddy",1.0,1,"Yes, partially",,,4.0,,5,Most of the time,Pleasing ,5.0,Definitely,Able to communicate effectively and always asking you if you need anymore clarification on questions asked earlier ,Nothing in particular ,5.0,Not really 
Male,Undergraduate,2,"Research,",1.0,3,"Yes, completely",,,4.0,,4,A;ways,Delight,5.0,Definitely,Its User experience,Its Paid,4.0,Making it Open source
Male,Undergraduate,4,Assignment and Research,1.0,1,"Yes, completely",,,4.0,,4,Most of the time,Delight ,4.0,Probably,Answers given,Nothing ,4.0,Nothing 
Male,Undergraduate,4,Assignment ,1.0,5,"Yes, completely",,,5.0,,5,Neutral,No,5.0,Definitely,Answers ,Nothing ,5.0,Nothing 
Prefer not to say,Undergraduate,3,Learning,1.0,3,"Yes, completely",,,3.0,,3,Most of the time,Non chalant ,3.0,Neutral,Okay,Nothing ,4.0,Nothing 
Male,Undergraduate,3,Research,1.0,5,"Yes, partially",,,3.0,,2,Most of the time,Frustration,3.0,Probably,Vast knowkedge,The fact that it is less human in reasoning,3.0,Human based responce
Male,Undergraduate,3,Assignment and research ,,1,"Yes, partially",,,5.0,,3,Most of the time,Confusion ,4.0,Definitely,Fast and consistent response ,Confusion about questions ,4.0,Nothing yet
Female,Undergraduate,3,"Assignment, Calculations and research",1.0,2,"Yes, completely",,,4.0,,3,Most of the time,Not really,3.0,Probably,It helps me know more about some things ,Nothing,3.0,Nothing 
Male,Undergraduate,5,Assignment ,1.0,2,"Yes, completely",,,4.0,,4,Most of the time,Delight,4.0,Probably,Correct answers ,Nothing ,5.0,Nothing
Female,Undergraduate,3,Assignment,1.0,5,"Yes, completely",,,4.0,,5,Most of the time,No,4.0,Definitely,Speed,Time,3.0,No idea
Male,Undergraduate,4,all of the above,1.0,2,"Yes, partially",,,2.0,,3,Most of the time,confusion,3.0,Probably,its response,nothing,3.0,i dont know
Male,Undergraduate,4,Assignment ,1.0,5,"Yes, completely",,,4.0,,4,Neutral,Nah,4.0,Probably,Answers,N/A,4.0,Nothing 
Male,Undergraduate,4,Calculation and research,1.0,2,"Yes, partially",,,4.0,,3,Rarely,No,4.0,Definitely,Quick and Efficient answers,Nothing,5.0,Make it human like 
Male,Undergraduate,3,Assignment ,,3,"Yes, partially",,,3.0,,2,Neutral,No,3.0,Neutral,Nothing ,Nothing ,3.0,I don't know 
Male,Undergraduate,5,to solve a math problem ,1.0,1,"Yes, partially",,,4.0,,5,A;ways,stress,5.0,Definitely,effectiveness ,stress,5.0,improve users interface 
Male,Undergraduate,5,slot ,1.0,5,"Yes, completely",,,4.0,,4,A;ways,no,4.0,Definitely,everything ,nothing,5.0,nothing 
Male,Undergraduate,4,Research,,3,"Yes, partially",,,4.0,,4,Neutral,Confusion and delight,4.0,Probably,User friendly ,Nothing,4.0,Be better
Male,Undergraduate,4,Assignment ,1.0,4,"Yes, completely",,,4.0,,3,Neutral,Nah,3.0,Probably,Answers ,N/A,4.0,Nothing 
Male,Undergraduate,3,Assignment ,1.0,2,"Yes, completely",,,4.0,,4,Most of the time,No,4.0,Definitely,Speed,Accuracy,4.0,It should relate to the exact problem 
Male,Undergraduate,5,Research,1.0,1,"Yes, completely",,,5.0,,5,Most of the time,Delight,5.0,Probably,Easy to use,Nothing,5.0,It should be fast 
Male,Undergraduate,3,Assignment,1.0,4,"Yes, partially",,,4.0,,3,Neutral,No,3.0,Probably,I don't know ,I'm not sure ,3.0,Be better
Female,Undergraduate,3,Assignment ,1.0,3,"Yes, partially",,,3.0,,3,Neutral,Frustration ,3.0,Neutral,N/A,N/A,3.0,I don‚Äôt really know 
Female,Undergraduate,5,Assignment,1.0,5,"Yes, partially",,,5.0,,5,Most of the time,Delight,5.0,Definitely,It makes my work easier,Nothing,4.0,Nothing
Female,Undergraduate,5,Academic researches  and assignments,1.0,1,"Yes, completely",,,4.0,,4,Most of the time,Satisfaction,4.0,Definitely,Immediate responses,Some errors in math problems ,4.0,It should also be graphic based not only textbased
Male,Undergraduate,2,Assignment ,1.0,1,"Yes, partially",,,2.0,,2,Most of the time,No,3.0,Definitely,Nothing ,Nothing ,5.0,Nothing 
Female,Undergraduate,4,Assignment and research.,1.0,4,"Yes, completely",,,4.0,,4,Rarely,Confusion.,4.0,Definitely,Great user interface.,Its inability to humanize text.,4.0,Humanization AI should be added .
Male,Undergraduate,3,Assignments and research ,,3,"Yes, completely",,,3.0,,2,Neutral,No,3.0,Neutral,Nothing in particular ,Nothing in particular ,3.0,Nothing 
Female,Undergraduate,3,Assignments and calculations,1.0,1,"Yes, partially",,,3.0,,4,Most of the time,It depends on questions asked,4.0,Definitely,Its speed and reliability,Not getting clear answers at times,4.0,NIL
Male,Undergraduate,3,Research ,1.0,4,"Yes, partially",,,3.0,,3,Rarely,Not really ,3.0,Probably,Quick ,Not always accurate ,4.0,Pay more attention to details
Male,Undergraduate,4,Research ,,4,"Yes, partially",,,4.0,,4,Rarely,delight ,4.0,Probably,It effectiveness to reply to questions .,Sometimes it doesn't give you what you want.,4.0,Make the subscription time longer
Male,Undergraduate,4,"Assignment, Research.",1.0,3,"Yes, partially",,,4.0,,3,Most of the time,frustration,3.0,Probably,quick response,diffcult answers,4.0,i don't know
Male,Undergraduate,3,Research,1.0,3,"Yes, completely",,,4.0,,3,Neutral,Delight,2.0,Probably,The responce,Nothing,2.0,Nothing
Male,Undergraduate,3,Assignment ,1.0,3,"Yes, partially",,,3.0,,3,Most of the time,Delight ,3.0,Neutral,Nothing ,Nothing ,3.0,Nothing 
Female,Undergraduate,4,Assignment and research,1.0,4,"Yes, partially",,,4.0,,4,Most of the time,No,4.0,Definitely,Effective,Nothing,4.0,Short answers when specified
Male,Undergraduate,4,Research,,2,"Yes, partially",,,4.0,,4,Neutral,No,3.0,Definitely,Being able to give answer and solution to every question and problem when prompted,Was not able to give real life examples,4.0,Being able to give practical examples 
Male,Undergraduate,4,assignment,1.0,4,"Yes, completely",,,4.0,,4,Most of the time,nuh,3.0,Neutral,N/A,N/A,4.0,nuh
Male,Undergraduate,3,All of the above,1.0,3,"Yes, completely",,,3.0,,3,Most of the time,234,3.0,Definitely,efgv,bjy,3.0,skwkei
Male,Undergraduate,4,Assignment,1.0,2,"Yes, partially",,,4.0,,2,Most of the time,Frustration,4.0,Definitely,I like it‚Äôs quick response,Sometimes it confuses the answers,4.0,Answers can be accompanied with images concerning computer science courses
Female,Undergraduate,3,Assignment ,1.0,2,"Yes, partially",,,4.0,,3,Neutral,None ,2.0,Definitely,N/A,N/A,3.0,None 
Female,Undergraduate,4,"Research, calculation and research.",1.0,4,"Yes, completely",,,4.0,,4,Rarely,Frustration,4.0,Definitely,It is reliable and efficient,Inability to humanize text.,4.0, A humaniser AI should be incorporated among its features.
Male,Undergraduate,3,Research,,3,"Yes, partially",,,3.0,,3,Neutral,Delight,3.0,Probably,Response ,Explanations ,3.0,Response 
Male,Undergraduate,4,Research ,1.0,4,"Yes, completely",,,1.0,,4,Most of the time,Delight ,4.0,Definitely,It‚Äôs response,It‚Äôs slow,4.0,It should be fast
Male,Undergraduate,3,assignment,1.0,2,"Yes, partially",,,3.0,,3,Neutral,delight,3.0,Probably,quick response,nothing,4.0,nothing
Male,Undergraduate,4,"Research, Assignment, calculations etc.",1.0,1,"Yes, completely",,,4.0,,4,Most of the time,Delight ,4.0,Definitely,Interface,Premium version ,4.0,More file upload trial
Male,Undergraduate,1,Calculation ,1.0,3,"Yes, partially",,,4.0,,5,Most of the time,Delight,3.0,Probably,It‚Äôs reliability ,Nothing ,3.0,N/A
Male,Undergraduate,3,Assignment ,1.0,1,"Yes, completely",,,4.0,,4,Most of the time,N/A,3.0,Probably,It‚Äôs accuracy ,Nothing,5.0,Nothing
Male,Undergraduate,5,Assignment Research etc,1.0,1,"Yes, completely",,,4.0,,4,Most of the time,N/A,4.0,Probably,Reliability ,Paying for Premium accounts ,5.0,"Maths solver feature, remove limits for uploading file"
Male,Undergraduate,4," Assignment, Research, Calculation etc.",1.0,1,"Yes, completely",,,4.0,,5,Most of the time,no,4.0,Neutral,jdboc vl,qdgvicfli,4.0,eiyuop1
Male,Postgraduate,2,assignment,1.0,1,"Yes, completely",,,3.0,,3,Neutral,delight,3.0,Neutral,asdfi,asdfghjk,3.0,fghjk
Male,Undergraduate,2,assignment,1.0,2,"Yes, partially",,,2.0,,2,Most of the time,vg,2.0,Probably,fhdj,rsdhjm,2.0,bzfghjkh
Male,Undergraduate,3,Reasearch,1.0,2,"Yes, partially",,,3.0,,4,Most of the time,confusion,4.0,Definitely,Its easy to use and provides similar or very close works based on the ,One minute file input and no image generator,4.0,Image Generator
Male,Undergraduate,2,All of the above ,1.0,3,"Yes, partially",,,3.0,,3,Most of the time,No,3.0,Probably,It's speed ,Doesn't always answers correctly ,3.0,Answer questions more accurately 
Male,Undergraduate,4,Research ,,4,"Yes, completely",,,3.0,,4,Most of the time,Delight ,4.0,Probably,It‚Äôs okay and answers question effectively ,It answers questions slow most times,3.0,Fast answers to questions 
Male,Undergraduate,5,Assignment,1.0,5,"Yes, completely",,,5.0,,5,Most of the time,Delight,5.0,Definitely,N/A,N/A,5.0,Nothing
Female,Undergraduate,3,Assignment ,1.0,3,"Yes, completely",,,3.0,,3,Most of the time,Delight,3.0,Definitely,Its efficiency ,Its offline ,3.0,Offline
Male,Undergraduate,4,Assignment,1.0,4,"Yes, completely",,,5.0,,4,Neutral,Delight,4.0,Definitely,swift and precise answers,Too much ads,4.0,No idea
Male,Undergraduate,4,"Assignments,Research,Planning and other tasks",,2,"Yes, partially",,,3.0,,3,Neutral,no,3.0,Probably,it's effective,it's not that reliable,3.0,the premium version should be available to all users for free
Male,Undergraduate,3,Coding,1.0,4,"Yes, completely",,,4.0,,3,Neutral,No,4.0,Probably,Nice user interface ,Nothing ,4.0,Nothing 
Male,Undergraduate,3,Assignment,1.0,3,"Yes, completely",,,3.0,,3,Most of the time,delight,3.0,Probably,quick response,nothing,3.0,nothing
Male,Undergraduate,5,Assignment ,1.0,1,"Yes, completely",,,5.0,,5,Most of the time,Delight,5.0,Probably,It‚Äôs fast,Nothing,5.0,They should imp
Male,Undergraduate,3,Assignment,1.0,5,"Yes, completely",,,5.0,,5,Most of the time,straightforward,5.0,Definitely,Accuracy,Nothing,5.0,Increase in the amount of upload of documents from my system
Male,Undergraduate,3,"Assignment, Research, Calculation etc.",1.0,1,"Yes, completely",,,3.0,,3,Neutral,no,3.0,Probably,it saves time,nothing,3.0,none
Male,Undergraduate,3,"Assignment, research, mathematical calculation, basic conversation etc",1.0,3,"Yes, partially",,,3.0,,3,Neutral,None comes to mind,3.0,Definitely,Reliability and accuracy somewhat,It can be quite dense ,4.0,Nothing really
Male,Undergraduate,3,research,1.0,2,"Yes, completely",,,2.0,,3,Neutral,delight,2.0,Neutral,everything,somethings,2.0,nothing
Female,Undergraduate,3,research ,1.0,4,"Yes, completely",,,5.0,,4,Most of the time,delight ,4.0,Definitely,everything ,nothing ,5.0,food 
Male,Undergraduate,4,"Assignment, Research and calculation",1.0,1,"Yes, completely",,,5.0,,4,Neutral,no,4.0,Probably,Everything,Nothing,4.0,All the models should be made free
Male,Undergraduate,3,assignment,1.0,3,"Yes, completely",,,3.0,,3,A;ways,jazz,3.0,Definitely,jazz,no evidence,3.0,Ajayi
Male,Undergraduate,1,all of the above,1.0,5,"Yes, completely",,,5.0,,3,A;ways,all of the above,3.0,Definitely,effciency,nothing,4.0,nothing
Male,Undergraduate,3,"Assignment, Research, Calculation etc.",1.0,3,"Yes, partially",,,3.0,,3,Neutral,not really,3.0,Neutral,speed,djdkn,3.0,nn
Male,Undergraduate,3,Research,1.0,3,"Yes, completely",,,3.0,,3,Most of the time,No,4.0,Probably,Interaction ,Nil,4.0,Nothing 
Male,Undergraduate,3,Research ,1.0,3,"Yes, completely",,,3.0,,3,Rarely,No,5.0,Definitely,ITE efficiency ,Nothing ,4.0,Ife 
Male,Undergraduate,3,all of the above,1.0,2,"Yes, partially",,,3.0,,3,Neutral,delight,3.0,Neutral,nothing,nothin,3.0,asdfh
Male,Undergraduate,3,Calculations and research,,3,"Yes, partially",,,4.0,,3,Most of the time,frustration at times for some questions,4.0,Probably,its fast in giving information ,"sometimes you get what you don't expect, especially for diagrams ",4.0,diagrams should be looked into
Male,Undergraduate,2,bgjcdsz,1.0,2,"Yes, completely",,,2.0,,2,A;ways,khgvjdfstnb,2.0,Definitely,fbxdsfa,mjbhv,2.0,jft
Male,Undergraduate,4,Research,1.0,3,"Yes, partially",,,4.0,,3,Most of the time,delight,4.0,Definitely,speed,nothing,4.0,not
Male,Undergraduate,4,research,1.0,4,"Yes, completely",,,4.0,,4,Most of the time,delight,4.0,Definitely,the responses,somethings,4.0,none
Male,Undergraduate,5,Research ,1.0,2,"Yes, completely",,,5.0,,4,A;ways,Delight,5.0,Definitely,It answers questions in details ,Nothing ,4.0,It should be able to communicate in more foreign languages 
Female,Undergraduate,3,Assignment ,1.0,2,"Yes, partially",,,4.0,,4,Rarely,Neutral ,3.0,Probably,Nothing in particular ,Nothing in particular ,3.0,Nothing in particular 
Female,Undergraduate,2,kgty,1.0,2,"Yes, partially",,,2.0,,2,Most of the time,ckh,2.0,Definitely, vbfd,ytgf,2.0,fge
Male,Undergraduate,3,assignment,1.0,3,"Yes, partially",,,2.0,,3,Most of the time,non,4.0,Probably,its features,non,4.0,non
Male,Undergraduate,3,Assignment ,1.0,4,"Yes, completely",,,4.0,,4,Most of the time,Yes,3.0,Definitely,Fast Response ,Mistakes ,4.0,Make it more humanic 
Male,Undergraduate,4,"Assignment, Research, Calculation",1.0,1,"Yes, completely",,,4.0,,5,Most of the time,Delight,5.0,Definitely,It‚Äôs ability to answer questions and perform task ,There‚Äôs a limited number of times  you can perform some specific tasks like graphics design summarize note and generate image ,4.0,Make some features free so people will be able to use it efficiently 
Male,Undergraduate,2,Assignment,1.0,2,"Yes, completely",,,2.0,,2,Neutral,confusion,2.0,Definitely,nothing,nothing,2.0,nothing
Male,Undergraduate,4,Research,1.0,4,"Yes, completely",,,4.0,,4,Most of the time,Delight,4.0,Definitely,The time saving aspect,Nothing ,4.0,"Nothing ,already to my comfort"
Male,Undergraduate,4,"qw,jhdaej",,1,"Yes, completely",,,4.0,,4,Neutral,dqed,3.0,Neutral,dajhke fd,dfjenf,3.0,dkfjsehkf
Male,Undergraduate,4,Research ,1.0,3,"Yes, completely",,,3.0,,4,Neutral,Confusion ,3.0,Definitely,Fast answers ,No ,3.0,It should be able to relate with human thinking 
Female,Undergraduate,3,Assignment ,1.0,2,"Yes, partially",,,4.0,,3,Rarely,No,3.0,Probably,Straight to the point answers,Nothing in particular ,4.0,Nothing 
Male,Undergraduate,4,Assignment ,1.0,4,"Yes, completely",,,4.0,,4,Most of the time,Frustration ,4.0,Probably,Quick response ,Mistake,4.0,Include Videos If possible 
Male,Undergraduate,2,research,1.0,2,"Yes, completely",,,2.0,,2,Most of the time,confusion,2.0,Probably,Nothing,nothing,2.0,none
Male,Undergraduate,3,All of the above,1.0,4,"Yes, partially",,,4.0,,4,Most of the time,Depends on  the question,4.0,Probably,INTERACTABILITY,NOTHING,4.0,NOTHING
Male,Undergraduate,2,fgdgv,0.0,2,"Yes, partially",,,2.0,,2,Most of the time,yfyuydud,2.0,Probably,rfxuy,grfhdj,2.0,utctdy
Male,Undergraduate,4,caalculations,1.0,3,"Yes, partially",,,3.0,,3,Neutral,delight,3.0,Probably,eveftyguhj,ssdfvb,4.0,xddcfvghb
Male,Undergraduate,2,ggv,0.0,2,"Yes, completely",,,2.0,,2,Most of the time,tyyy,2.0,Definitely,nothing,everything,2.0,ygy
Male,Undergraduate,2,research,1.0,4,"Yes, completely",,,2.0,,2,Most of the time,delight,2.0,Definitely,efficiency,fgfjgjhbnb,3.0,feedback
Male,Undergraduate,4,All,,4,"Yes, partially",,,4.0,,3,Most of the time,Delight,4.0,Probably,Quick response ,Terms of explanation ,4.0,Emphasis on reply 
Male,Undergraduate,3,Research,1.0,1,"Yes, completely",,,4.0,,4,Neutral,Delight but sometimes it evokes confusion,4.0,Definitely,It enlighten me on what am suppose to do,N/A,4.0,Human like
Male,Undergraduate,2,Research,0.0,3,"Yes, partially",,,1.0,,3,Neutral,rsyesutrs,3.0,Neutral,rttdrw54,eryg,2.0,tyftyt
Male,Undergraduate,5,werty,1.0,2,"Yes, completely",,,3.0,,3,Rarely,sdfg,3.0,Neutral,N/A,N/A,3.0,3e56t
Male,Undergraduate,4,Research,1.0,2,"Yes, partially",,,4.0,,4,Neutral,delight,4.0,Definitely,N/A,N/A,4.0,nil
Male,Undergraduate,5,Research ,1.0,2,"Yes, completely",,,4.0,,4,Most of the time,Delight ,4.0,Definitely,Understability ,Subscription Payment ,5.0,Nothing 
Male,Postgraduate,2,weert,0.0,1,"Yes, completely",,,3.0,,3,Neutral,qwer,1.0,Neutral,weert,wert,3.0,34rt
Male,Undergraduate,3,Research ,1.0,3,"Yes, partially",,,3.0,,4,Rarely,No,3.0,Neutral,The interactions ,It can be wrong sometimes ,4.0,Fix the citations bug
Male,Undergraduate,2,wert,0.0,2,"Yes, completely",,,2.0,,2,A;ways,23wer,3.0,Neutral,wer,qwet,2.0,wer
Female,Undergraduate,3,Assignment and research,,3,"Yes, partially",,,3.0,,3,Neutral,Delight,3.0,Neutral,Speed,Efficiency,3.0,Work on efficiency
Male,Undergraduate,4,sdf,1.0,3,"Yes, completely",,,1.0,,2,Neutral,wert,1.0,Probably,wer,wer,1.0,wet
Female,Undergraduate,2,qwer,1.0,2,"No, not at all",,,2.0,,2,Neutral,qwerty,1.0,Neutral,qwer,45ty,1.0,werty
Male,Undergraduate,3,"Assignment, coding ",1.0,3,"Yes, partially",,,3.0,,3,Neutral,Delight,3.0,Definitely,Everything ,Not able to put pictures ,3.0,Add images 
Male,Undergraduate,2,cal,0.0,2,"Yes, completely",,,2.0,,2,Neutral,wert,3.0,Neutral,qwert,wert,2.0,wer
Male,Undergraduate,3,assignment research,1.0,3,"Yes, partially",,,4.0,,4,Most of the time,frustration,4.0,Probably,understandability,responses,4.0,fix u
Male,Undergraduate,2,qwer,1.0,2,"Yes, completely",,,2.0,,2,Neutral,wert,2.0,Neutral,everthing,everthing,2.0,everthing
Male,Undergraduate,2,qwert,1.0,2,"Yes, partially",,,2.0,,2,Neutral,qwert,3.0,Neutral,qwerrty,qwert,2.0,qweerty
Male,Undergraduate,3,Assignment ,1.0,2,"Yes, completely",,,4.0,,3,Neutral,Delight ,1.0,Probably,Efficiency ,Subscription plan ,3.0,To improve efficiency 
Female,Undergraduate,3,Assignment ,1.0,3,"Yes, partially",,,4.0,,4,Neutral,Nothing in particular ,3.0,Probably,Nothing in particular ,Nothing in particular ,4.0,Nothing in particular 
Male,Undergraduate,4,Assignment ,1.0,4,"Yes, partially",,,4.0,,4,Neutral,Delight ,2.0,Neutral,Efficiency ,Subscription cost ,3.0,Reducing the subscription cost 
Male,Undergraduate,3,Assignment ,1.0,3,"Yes, partially",,,3.0,,3,Neutral,Delight ,3.0,Probably,Efficiency ,Premium subscription ,3.0,Improve efficiency 
Female,Undergraduate,3,Assignment,1.0,3,"Yes, completely",,,3.0,,3,Most of the time,Delight,3.0,Definitely,Speed,Nothing,3.0,Compactabiluty
Female,Undergraduate,4,Research,1.0,1,"Yes, completely",,,4.0,,5,Most of the time,Confusion,4.0,Definitely,It answers questions efficiently and it saves time and effort.,"It might not give the answers you're expecting from it, it doesn't work well with calculations and it doesn't work well with diagrams",4.0,"It should be able to interact with users more efficiently, it should improve it's performance and it should derive correct answers based on the questions asked."
Female,Undergraduate,3,Research,1.0,3,"Yes, completely",,,3.0,,3,Most of the time,Delight,3.0,Definitely,Dspeed,Flexibility,3.0,More of details
Male,Undergraduate,4,Research ,1.0,1,"Yes, completely",,,1.0,,1,A;ways,Delight,1.0,Definitely,Answers,Nothing,1.0,Making it be able to upload images without paying
Male,Undergraduate,3,ASSIGNMENT AND CALCULATIONS,1.0,3,"Yes, partially",,,3.0,,3,Most of the time,CONFUSION,3.0,Probably,the fast reply and mostly accurate,giving long explantions ,4.0,give more simpple solutions
Male,Undergraduate,5,Assignment and projects,,3,"Yes, partially",,,4.0,,5,Most of the time,No,5.0,Definitely,everything,Nothing,5.0,N/A
Male,Undergraduate,3,Research,1.0,1,"Yes, partially",,,4.0,,4,Most of the time,Satisfaction ,4.0,Definitely,How authentic the answer it provides are,It doesn't usually give you updated answers,4.0,It should try as hard as possible not to give outdated information
Male,Undergraduate,4,Assignment,1.0,3,"Yes, partially",,,4.0,,4,Most of the time,Confusion,3.0,Definitely,Direct answers,Over explanation,3.0,Try to summarize the repsonses
Male,Undergraduate,5,All of the above,1.0,5,"Yes, completely",,,5.0,,4,Neutral,Sometimes frustration ,4.0,Definitely,Easy to use ,Ai like answers ,5.0,Adaptability to users
Female,Secondary School,4,All of the above ,1.0,4,"Yes, partially",,,5.0,,4,Neutral,"Frustration, at times",4.0,Definitely,Saves time and energy,Does not always do as required,5.0,Improved comprehension skills
Male,Undergraduate,5,Research,1.0,1,"Yes, completely",,,5.0,,5,A;ways,delight,5.0,Definitely,its ease of use,N/A,5.0,improve the answers quality
Male,Undergraduate,5,Assignment ,1.0,5,"Yes, completely",,,5.0,,5,A;ways,At edffff,5.0,Definitely,Assignment ,Nothing ,5.0,Pictures 
Male,Undergraduate,4,Calculation,1.0,1,"Yes, completely",,,4.0,,4,A;ways,yes,4.0,Definitely,Interactivity ,Rare inconsistency ,4.0,N/A
Female,Undergraduate,1,Nothing,0.0,1,"Yes, completely",,,4.0,,3,Neutral,I have never used it,3.0,Neutral,N/A,N/A,3.0,I have never used it
Male,Undergraduate,3,Research ,,3,"Yes, partially",,,3.0,,3,Neutral,No,3.0,Probably,N/A,N/A,4.0,More human like answers 
Male,Undergraduate,4,Assignment ,,4,"Yes, completely",,,3.0,,3,Neutral,Sometimes good ,3.0,Probably,Easy to access ,Sometimes the network will automatically go off .. keeping you waiting for the request to show up ,3.0,Try to work on the results and try to upgrade it to support diagram ( image) sometimes it's taken longer periods before it's accept image and sometimes it won't even support images 
Male,Undergraduate,3,Research,1.0,4,"Yes, completely",,,4.0,,4,Most of the time,Confusion,4.0,Definitely,The interface,Some responses,4.0,Nothing
Male,Undergraduate,3,"Assignment, Research, Calculation",1.0,4,"Yes, partially",,,4.0,,4,Most of the time,Confusion,4.0,Probably,Solutions,Sometimes going off point,4.0,Nothing
Male,Undergraduate,3,assignement,1.0,3,"Yes, partially",,,3.0,,3,Most of the time,delay,3.0,Probably,quick response,the characters ,3.0,improve the characters and quick response
Male,Postgraduate,4,Research ,1.0,3,"Yes, completely",,,3.0,,4,A;ways,Delight ,5.0,Definitely,Research ,Nil ,4.0,More improvement 
Male,Undergraduate,4,"Calculatation, research, assignment and code improvements ",1.0,4,"Yes, completely",,,4.0,,4,Most of the time,Delight and confusion ,4.0,Definitely,The accuracy of it response to the task given ,Confusion and inability to understand the task sometimes ,4.0,Improve it human understandings 
Male,Undergraduate,5,"all tasks from coding, writing, creation and ",,2,"Yes, completely",,,5.0,,4,A;ways,yes confusion,3.0,Definitely,Ease of use,Answers are usually not simplified,3.0,Should have a faster response time
Female,Postgraduate,3,Assignment and research ,,2,"Yes, partially",,,4.0,,2,Rarely,Confusion ,4.0,Probably,Immediate answer to questions ,It doesn't really understand the question asked therefore providing an answer that is not related to the question ,4.0,Enable it to be able to understand questions and provide all necessary answer to those questions 
Male,Undergraduate,4,As mentioned above ,1.0,2,"Yes, partially",,,3.0,,3,Neutral,No emotional reaction ,3.0,Definitely,It helps  you with different idea,Nil,3.0,Just needs more upgrades 
Male,Undergraduate,2,assignment,,3,"Yes, partially",,,3.0,,3,Neutral,no,3.0,Probably,its ease,its complexity,3.0,it should be made more simplified and accurate
Male,Undergraduate,5,Research framework generation,1.0,5,"Yes, completely",,,4.0,,5,Most of the time,Awoke,4.0,Probably,Making task seems very easy ,Hallucinations ,4.0,Reduce level of hallucinations 
Female,Undergraduate,4,Research,,5,"Yes, completely",,,4.0,,4,Most of the time,nope,4.0,Probably,N/A,N/A,4.0,It should give more detailed answers
Male,Undergraduate,4,"Assignment, Research",1.0,2,"Yes, completely",,,4.0,,4,Neutral,Frustration sometimes,4.0,Definitely,It makes me work faster and help me remain productive,It hallucinates sometimes,4.0,I would recommend some improvements in it's nuances when writing such that it can't really be detected whether ChatGPT wrote it or not
Male,Undergraduate,5,Research,,1,"Yes, partially",,,4.0,,5,Most of the time,Delight ,4.0,Definitely,Ability to remember previous conversations,Does not generate accurate images,5.0,Generating more accurate images
Male,Undergraduate,3,Assignments and research ,1.0,2,"Yes, completely",,,4.0,,4,Neutral,Delight ,4.0,Definitely,Effective and prompt reliable response ,Limitations for those that haven‚Äôt subscribed ,4.0,Picture responses 
Female,Undergraduate,3,Assignment and Research,,3,"Yes, partially",,,3.0,,3,Neutral,Yes,3.0,Probably,It is fast and easy to use,Its response isnt human-like,3.0,It should be more versatile
Male,Postgraduate,5,"I use it for most of my daily life, work, research, debugging and daily interaction ",1.0,5,"Yes, completely",,,4.0,,5,Neutral,Enlightening ,4.0,Definitely,Easy to use and open source (free),Sometimes it won‚Äôt understand simple request ,4.0,Being able to render real life data 
Male,Undergraduate,5,Research ,1.0,1,"Yes, completely",,,5.0,,5,Most of the time,Sometimes confusion,5.0,Definitely,It's learn from me to help me in my task ,It goes beyond my questions,4.0,To be more human like when communicating with user
Male,Undergraduate,5,Research ,1.0,4,"Yes, completely",,,5.0,,3,Neutral,Confusion ,4.0,Definitely,Reliability ,Inability to grasp certain prompts,5.0,Enable it to have better understanding 
Male,Undergraduate,3,research,,4,"Yes, completely",,,4.0,,4,Neutral,delight,4.0,Definitely,being able to perform a supply task given to it fast,it is not humanized it just does like a robot,4.0,it should be able to interact with humans as if they were humans
Prefer not to say,Undergraduate,4,"Assignment, Research, Calculation, Project etc.",,1,"Yes, completely",,,4.0,,4,Neutral,"frustration, delight, confusion",4.0,Definitely,It's efficiency,It's ability not to make your work more human like especially in project.,4.0,Make more human-like response
Male,Postgraduate,4,Research ,,4,"Yes, partially",,,4.0,,4,Neutral,Non,4.0,Neutral,The fact that it helps ,Nothing really ,4.0,Nothing 
Male,Postgraduate,5,Project,1.0,5,"Yes, completely",,,4.0,,5,Neutral,A bit inaccurate often but that's why you work with prompts.,5.0,Definitely,The vast knowledge ,it's inaccuracy sometimes,4.0,Verification of information before distribution
Male,Undergraduate,3,Assignment ,1.0,1,"Yes, partially",,,5.0,,3,Neutral,Delight,5.0,Definitely,Ease of Use ,Nothing ,4.0,Generate images 
Male,Postgraduate,5,Research,,2,"Yes, partially",,,4.0,,5,Neutral,No,4.0,Definitely,It's general purpose capabilities ,It's annoying safety rails ,4.0,Relax the subjective safety rails
Female,Postgraduate,5,"Assignment, Research, Calculations and Coding ",,1,"Yes, partially",,,2.0,,2,Rarely,Disappointment and sometimes confusion. Only few times does it give satisfaction ,2.0,Probably not,The voice input feature ,Non-reliability. Occasionally does the job satisfactorily. ,2.0,Adopt the robustness of some other AI bots like Claude AI
Male,Postgraduate,5,research,1.0,1,"Yes, completely",,,5.0,,5,Most of the time,no,5.0,Definitely,its quick responses,nothing yet,4.0,nothing yet
Male,Postgraduate,5,Research,1.0,2,"Yes, completely",,,4.0,,5,Most of the time,Delight,4.0,Definitely,Very Efficient ,Sometimes goes out of context ,4.0,More restorable memory
Male,Postgraduate,4,"Research, Assignment ",1.0,2,"Yes, completely",,,4.0,,4,Neutral,Not at all ,4.0,Definitely,Speed and Correctness ,Doesn't sound like Human,4.0,Responses should be Human like 
Male,Undergraduate,4,Assignment,1.0,2,"Yes, partially",,,4.0,,3,Neutral,delight,4.0,Definitely,N/A,N/A,4.0,Try and understand context more
Male,Postgraduate,4,"Assignment, calculation",1.0,1,"Yes, completely",,,5.0,,4,Most of the time,Delightful,4.0,Definitely,it's level of deep reasoning,Less ambiguity in answers,5.0,I suggest it should be able to understand the concept of any form of question and be able to answer it in respect to how it is asked
Male,Postgraduate,3,Assignment and research ,,2,"Yes, partially",,,5.0,,3,Most of the time,Confusion sometimes and overwhelming other times,4.0,Definitely,Rapid responses and the detail ,The details are often excessive ,5.0,"Improved precision of answers I guess, less options would make getting a solution faster "
Male,Postgraduate,5,"Assignment, research",1.0,1,"Yes, completely",,,5.0,,5,Most of the time,No,5.0,Definitely,The explicit and detail response to questions,Non yet,5.0,Enhancement for future development
Male,Undergraduate,4,Research ,1.0,4,"Yes, completely",,,4.0,,3,Neutral,Confusion ,4.0,Probably,Easy access,You need to put in accurate and precise prompt ,4.0,It needs to learn more 
Female,Postgraduate,5,Research ,1.0,1,"Yes, partially",,,4.0,,5,Most of the time,Delight,4.0,Probably,N/A,N/A,4.0,Nothing yet
Male,Postgraduate,4,Assignment ,1.0,1,"Yes, completely",,,5.0,,4,Neutral,No,5.0,Definitely,Ability to solve problems in different ways/methods and give opinions sometimes ,Can‚Äôt really say,4.0,I think more work should be done on its algorithm 
Male,Postgraduate,2,Assignment ,1.0,3,"Yes, completely",,,4.0,,5,Most of the time,delight,5.0,Definitely,Gives the accurate solution ,The solutions too many ,3.0,They should more work on it to be more friendly site
Female,Undergraduate,2,Assignment,1.0,1,"Yes, completely",,,4.0,,4,Neutral,Delight,4.0,Probably,Fast response,Nothing,4.0,N/A
Male,Undergraduate,5,Coding ,,4,"Yes, partially",,,4.0,,4,Most of the time,Frustration,4.0,Definitely,The ease of prompting ,"Well, it misunderstands me sometimes ",4.0,It's model needs to be the trained of more data 
Male,Undergraduate,4,Assignments,1.0,1,"Yes, completely",,,4.0,,3,Neutral,Joy,4.0,Definitely,Effectiveness ,Nothing ,4.0,Voice action
Male,Postgraduate,5,"Software Development, Opinions, Assignment, Research, Calculation",1.0,1,"Yes, partially",,,4.0,,4,Neutral,no,3.0,Definitely,N/A,N/A,4.0,Less hallucination
Female,Undergraduate,4,Assignment ,1.0,4,"Yes, partially",,,5.0,,3,Neutral,Confusion ,5.0,Probably,Ability to understand the questions and give different answers in many areas of your question.,It give confusing answers sometimes which makes it frustrated ,3.0,Improve the ways of answering questions to humans' understanding
Female,Undergraduate,1,Assignment ,1.0,5,"Yes, completely",,,4.0,,4,Neutral,No,4.0,Definitely,Saves time,Nothing ,4.0,Nothing 
Male,Undergraduate,4,Assignment and research,,4,"Yes, partially",,,5.0,,3,Neutral,No,4.0,Definitely,The precise and quickness to response,Sometimes it doesn't always give what you asked for,4.0,It should have more rational thinking or behavior 
Male,Undergraduate,5,"Calculation, Coding, Research, Suggestions",1.0,5,"Yes, completely",,,4.0,,5,Most of the time,Frustration and Confusion,4.0,Definitely,Ability to deliver and answer exactly what you need,The UI design for web version,5.0,Develop a better UI for web version
Male,Postgraduate,3,research ,,1,"Yes, completely",,,3.0,,3,Rarely,yeah,3.0,Probably,sufficiency ,not human enough ,3.0,idk
Male,Undergraduate,5,Research,1.0,1,"Yes, completely",,,5.0,,5,Neutral,no,5.0,Definitely,Straight and understandable answer,Nothing,5.0,Give it recent data to use and give response based on the data
Male,Undergraduate,5,"Assignment, research ",1.0,5,"Yes, partially",,,5.0,,5,Most of the time,Delight ,4.0,Definitely,Response ,Not accurate enough ,5.0,I suggest you include odf mode 
Male,Postgraduate,5,"Research, programming and assignment ",1.0,4,"Yes, partially",,,4.0,,5,Most of the time,Frustration ,4.0,Definitely,Very upgrade to it to make it better,You have to provide a lot of information and prompt to make the response better,5.0,Ability to organise chats and make notes
Male,Postgraduate,5,Research ,1.0,1,"Yes, partially",,,5.0,,5,Neutral,Somewhat,4.0,Definitely,Web scrapping ,Inability to provide answers outside informations on the web,5.0,"Chatgpt cannot improve, a new model has to sufface"
Male,Undergraduate,2,Research ,1.0,3,"Yes, completely",,,3.0,,3,Neutral,Delight ,3.0,Neutral,Easy and good response ,Nothing ,4.0,Stable with correct result 
Male,Undergraduate,4,Research and programming ,,1,"Yes, completely",,,4.0,,4,Neutral,Not really ,3.0,Definitely,The ability to provide detailed code snippets in programming ,The solving  in calculations aspect. It's sometimes no properly displayed ,4.0,Interactions and calculations aspect 
Male,Undergraduate,5,"Assignment, Research, Calculation",1.0,1,"Yes, completely",,,4.0,,5,A;ways,Yes,4.0,Definitely,is response,N/A,5.0,you are doing good and you can still do  better
Female,Undergraduate,3,Research ,0.0,5,"Yes, completely",,,3.0,,5,A;ways,Confusion ,4.0,Definitely,Everything ,Very confuse,4.0,I don't have 
Male,Undergraduate,3,Assignment and cakcultiy,,2,"Yes, partially",,,3.0,,3,Rarely,Confusion most times,2.0,Neutral,Fast response ,Explaining the answer I expect ,3.0,"More human like responses,my lecturers can detect if I use chatGPT"
Female,Postgraduate,3,Assignments ,1.0,2,"Yes, completely",,,4.0,,4,Most of the time,Delight and wanting to learn more ,4.0,Definitely,Ability to give accurate response based on the query given to it.,Nothing yet,4.0,Give more options to attach more than 2 documents in 24 hours
Male,Undergraduate,4,Assignment ,,3,"Yes, partially",,,4.0,,3,Neutral,Delight,3.0,Probably,How they answered questions ,Nothing much,3.0,It‚Äôs not bad
Male,Undergraduate,5,Assignment,1.0,4,"Yes, partially",,,4.0,,4,Neutral,Confusion,4.0,Definitely,Time saving,Not all prompts are accessible,4.0,More freedom and full open source
Male,Undergraduate,3,Research,1.0,4,"Yes, completely",,,4.0,,3,Most of the time,delight,4.0,Probably,Their straight forward answers,their answers,3.0,In their effectiveness
Male,Undergraduate,5,"Research, assignment and projects ",1.0,1,"Yes, completely",,,4.0,,4,Most of the time,Confusion ,5.0,Probably,Easy to understand ,Its confusing sometimes ,4.0,Voice command
Male,Postgraduate,5,Assignment ,1.0,4,"Yes, completely",,,4.0,,4,Most of the time,"Slightly sometimes,",5.0,Definitely,Straight to the Point ,Does understanding maths and symbols sometimes,5.0,It should improve on arguments with references
Male,Postgraduate,5,"Assignment, Research and Calculation ",1.0,2,"Yes, partially",,,3.0,,5,Most of the time,Yes,5.0,Definitely,Brilliance ,Stupid at times,4.0,No suggestions 
Male,Undergraduate,2,Assignment ,1.0,1,"Yes, completely",,,1.0,,1,Most of the time,No ,1.0,Definitely,It‚Äôs easy to use and understand ,Late response ,5.0,Keep the good work going 
Male,Undergraduate,2,"Assignment, Research, Enquiry ",1.0,1,"Yes, completely",,,5.0,,5,A;ways,No,5.0,Definitely,The response time,Nothing ,5.0,Be able to solve image problems and draw neat tables
Male,Undergraduate,5,Assignment and I also use it for project research,1.0,1,"Yes, completely",,,4.0,,5,Most of the time,The responses from ChatGPT are not really frustrating to me,4.0,Definitely,How it gives details to my questions ,Nothing ,4.0,The data in it should be updated to the latest ones 
Male,Undergraduate,4,Assignment,,3,"Yes, partially",,,4.0,,3,Neutral,Not to me in that aspect,4.0,Definitely,User friendly,Not always bring the exact answer,4.0,ChatGPT should be able to generate UML diagram
Male,Undergraduate,5,"Research, Coding, Essays",1.0,1,"Yes, completely",,,4.0,,5,Most of the time,No,4.0,Definitely,Able to gather streamline and composed thoughts,The hallucinations,4.0,Able to do internal research and help with emotional intelligence 
Male,Undergraduate,5,Research,1.0,1,"Yes, completely",,,5.0,,4,Most of the time,No,4.0,Probably,The interface,Nothing,4.0,N/A
Male,Undergraduate,5,"Assignment, Research, Calculation ",1.0,3,"No, not at all",,,3.0,,3,Rarely, frustration,3.0,Probably,ability to deliver,not free,4.0,make it free for the sake of humanity
Male,Undergraduate,5,"Assignment, Research and Calculation",1.0,5,"Yes, partially",,,4.0,,5,Neutral,Nan,5.0,Probably,Easy to use,Nan,4.0,Nan
Male,Undergraduate,5,Assignment and research,1.0,2,"Yes, partially",,,4.0,,5,Neutral,delight,4.0,Definitely,Efficient & Effective,I don't know yet,4.0,N/A
Male,Undergraduate,4,research,1.0,3,"Yes, completely",,,4.0,,5,Most of the time,no,4.0,Definitely,the memory,N/A,4.0,none at the moment
Male,Undergraduate,5,Research ,1.0,4,"Yes, partially",,,5.0,,4,Neutral,Delight,4.0,Definitely,User friendly interface ,Not precise sometimes ,5.0,Please give the exact answer first before close or similar answerüôÇ
Male,Postgraduate,5,"Assignments, researches, project works",1.0,4,"Yes, completely",,,5.0,,5,Rarely,delight,5.0,Definitely,The human-like engagement,some responses aren't definite,4.0,to be more human while interacting
Female,Undergraduate,5,Research ,,3,"Yes, partially",,,4.0,,2,Most of the time,No,4.0,Definitely,"It's ability to continue a research question when ""more"" is typed",Nothing I can remember ,4.0,I think it should be upgraded to be able to delve into ones personal emotions based on the question asked 
Male,Undergraduate,3,i asked it to assist with a proper final year project,1.0,1,"Yes, completely",,,4.0,,4,Neutral,delight,4.0,Definitely,it's effectiveness,nil,4.0,nil
Female,Secondary School,1,Assignment,1.0,1,"Yes, completely",,,5.0,,5,A;ways,Delight,5.0,Definitely,Very fast,Nothing,5.0,No suggestion
Male,Undergraduate,3,Assignment ,1.0,4,"Yes, completely",,,4.0,,4,Most of the time,Not at all ,4.0,Definitely,Quick response to questions ,Cost,4.0,"There is always a room for improvement,"
Male,Undergraduate,4,Reading,1.0,1,"Yes, completely",,,5.0,,5,Most of the time,Nothing ,4.0,Definitely,N/A,N/A,4.0,No comment 
Female,Postgraduate,4,Assignment ,1.0,1,"Yes, completely",,,4.0,,4,Most of the time,Delight ,5.0,Definitely,Prompt and accurate answers and it can also simplify to one's level,Nothing really,4.0,They should keep improving 
Female,Secondary School,1,Assignment,1.0,1,"Yes, completely",,,5.0,,5,A;ways,Delight,5.0,Definitely,Very fast in giving solutions,Nothing,5.0,Very good
Female,Postgraduate,5,Research,1.0,1,"Yes, completely",,,5.0,,5,Neutral,Delight ,5.0,Definitely,It's prompt and reliable answer ,It's not fast in answering questions at times ,4.0,It can be better than this
Male,Undergraduate,4,Assignment,1.0,4,"Yes, partially",,,4.0,,3,Most of the time,No,3.0,Definitely,Ease of use,Inability to fully understand the questions asked,4.0,Faster and better responses
Female,Postgraduate,5,Assignment ,1.0,1,"Yes, completely",,,5.0,,4,A;ways,Delight ,5.0,Definitely,Very prompt to answers.,Wrong information.,4.0,Information should be updated on regular basis.
Male,Undergraduate,5,Calculation ,1.0,5,"Yes, completely",,,5.0,,5,Neutral,Delight,5.0,Definitely,User friendliness ,Non human replies ,4.0,Enlarge your scope
Male,Undergraduate,4,"Assignment, Research, Calculation etc",1.0,2,"Yes, partially",,,4.0,,4,Neutral,delight,4.0,Definitely,"I get my activities done easier, faster and more efficiently",I don't pay for premium so it times me out and restricts my access to certain features,4.0,Make it free for all. That way we can evaluate it proper
Male,Undergraduate,4,Assignment ,1.0,4,"Yes, completely",,,4.0,,4,Neutral,Fun,4.0,Definitely,Fast response,Not always accurate in coding ,4.0,Ability to think more like humans
Female,Undergraduate,5,Research and assignment ,1.0,5,"Yes, completely",,,5.0,,5,Neutral,Satisfaction ,5.0,Definitely,Everything ,Nothing really ,5.0,Nill
Female,Postgraduate,4,Research ,1.0,2,"Yes, partially",,,2.0,,5,A;ways,Delight ,5.0,Definitely,Accuracy ,Nothing ,4.0,Engage it always in a discussion 
Male,Undergraduate,4,research,,5,"Yes, partially",,,4.0,,5,Neutral,confusion,4.0,Probably,give me response base on rationality,not being able to interprete all question,4.0,there should be an improve in the knowledge base
Female,Undergraduate,2,"Assignment, research, calculations ",,2,"Yes, partially",,,4.0,,3,Neutral,Confusion ,3.0,Definitely,It's fast,it might not give usable answers,4.0,If it could understand more prompts
Female,Undergraduate,5,"Cover letters, applications, practice questions for studying",1.0,1,"Yes, partially",,,2.0,,4,Never,Normal reaction because I knew what to expect ,3.0,Probably,The user interface ,The way it hallucinates data and facts and how some research data ChatGPT references are gotten from authors without credit to them,3.0,More inclusive data should be used from women and other underrepresented group.
Female,Undergraduate,2,Assignment ,1.0,1,"Yes, completely",,,1.0,,1,A;ways,Delight,1.0,Definitely,Research ,Nothing ,5.0,The should keep on do well
Male,Undergraduate,5,Research,,5,"Yes, completely",,,5.0,,5,Most of the time,No,5.0,Definitely,Fast response ,Inaccuracy,5.0,UI
Male,Undergraduate,4,Research,1.0,4,"Yes, completely",,,4.0,,4,Most of the time,Delight,4.0,Definitely,Accuracy ,Combusive words,4.0,UI
Female,Undergraduate,5,Research  and Assignment,,1,"Yes, partially",,,3.0,,2,Neutral,"delight, anger and confusion ",5.0,Definitely,its ability to getinformation from the internet with links to more information,sometimes it takes a lot of prompts for it to understand the question.,4.0,Make GPT 4.O free
Male,Undergraduate,4,Research,1.0,1,"Yes, completely",,,5.0,,4,Neutral,Not at all,3.0,Definitely,Correct responses,Not human-like,4.0,It is feel more human-like
Male,Undergraduate,3,Used chatGPT to research assignments and project work,1.0,2,"Yes, completely",,,4.0,,4,Most of the time,No it did not,4.0,Probably,Effectiveness ,Non comprehensive ,4.0,N/A
Male,Undergraduate,5,Research,1.0,5,"Yes, completely",,,5.0,,5,A;ways,Delight,5.0,Definitely,Fast response,Precision,5.0,Decisive
Male,Undergraduate,5,Research,1.0,1,"Yes, completely",,,5.0,,4,Neutral,Delight,4.0,Definitely,Consistent responses,Did not seem human-like,5.0,It should seem more human-like
Male,Undergraduate,2,Assignment ,1.0,1,"Yes, completely",,,4.0,,3,Most of the time,Delight,3.0,Definitely,It‚Äôs reliable ,It is not natural ,4.0,Make it natural 
Male,Undergraduate,3,Assignment,1.0,2,"Yes, completely",,,4.0,,5,Most of the time,Delight,4.0,Definitely,Interactivity,Always providing answers in AI form first,5.0,Answers should come in both human and AI form first
Male,Undergraduate,2,Calculation,1.0,1,"Yes, completely",,,5.0,,4,A;ways,delight,4.0,Definitely,Response ,Nothing ,4.0,Reliability 
Male,Undergraduate,5,Calculation,1.0,4,"Yes, completely",,,5.0,,5,A;ways,Delight ,5.0,Definitely,N/A,N/A,5.0,Make it more human 
Male,Undergraduate,2,Assignment ,1.0,2,"Yes, completely",,,4.0,,2,Neutral,No it didn‚Äôt,4.0,Definitely,The answers ,Nothing much ,5.0,No suggestion
Male,Undergraduate,2,Assignment ,1.0,2,"Yes, completely",,,4.0,,2,Neutral,No it didn‚Äôt,4.0,Definitely,The answers ,Nothing much ,5.0,No suggestion
Male,Undergraduate,1,old,0.0,2,"Yes, partially",,,3.0,,2,Neutral,delight,3.0,Definitely,fast,slow,3.0,improve search
Male,Undergraduate,4,Assignments ,1.0,4,"Yes, completely",,,4.0,,4,Neutral,Not really,4.0,Probably,It is good,The limit is too small,4.0,I don‚Äôt know
Male,Undergraduate,3,Assignment ,1.0,4,"Yes, completely",,,5.0,,5,Rarely,No,5.0,Definitely,The interface ,No,5.0,N/A
Male,Undergraduate,4,Reasearch,1.0,4,"Yes, partially",,,4.0,,4,Neutral,Neutral,3.0,Probably,N/A,N/A,4.0,N/A
Male,Undergraduate,3,Assignment ,,2,"Yes, partially",,,2.0,,3,Most of the time,Delight,2.0,Probably,Answers ,Slow ,2.0,More detailed response 
Male,Undergraduate,5,My project ,,3,"Yes, partially",,,3.0,,3,Neutral,Confusion ,3.0,Probably,Speed ,Confusion ,4.0,More interactive 
Male,Undergraduate,5,Assignment and research ,1.0,3,"Yes, partially",,,4.0,,4,Neutral,Confusion ,4.0,Definitely,Assistance ,Not understanding the prompt ,4.0,It should be trained to understand specific prompts In it‚Äôs initial stage 
Male,Secondary School,5,all,1.0,3,"Yes, partially",,,3.0,,4,Most of the time,fine,3.0,Definitely,coding,essay respones ,4.0,fine
Male,Undergraduate,4,assignment and research,,4,"Yes, partially",,,3.0,,3,Neutral,no,4.0,Probably,the reliablity,it gives computerized response,3.0,to give human like response
Male,Undergraduate,4,Assignments ,1.0,4,"Yes, partially",,,4.0,,4,Neutral,Nothing ,4.0,Probably,I don‚Äôt kmow,The limit is too short,4.0,I don‚Äôt know 
Male,Undergraduate,1,Calculation,,1,"No, not at all",,,3.0,,2,Neutral,Confusion,2.0,Neutral,Swag,Swag,3.0,Swag
Male,Undergraduate,4,Assignment and Research,1.0,2,"Yes, completely",,,5.0,,4,Neutral,"Delight, anger, relief, frustration",4.0,Probably,The ability the be specific on queries compared to the general google search,Some inaccurate and useless replies,4.0,Make it FREE
Male,Undergraduate,3,All,1.0,3,"Yes, partially",,,3.0,,4,Most of the time,delight,4.0,Definitely,it is helpful,nil,4.0,make chatgpt 4.0 free
Male,Undergraduate,4,Intrusion ,1.0,3,"Yes, partially",,,3.0,,2,Neutral,Ditrysin ,3.0,Neutral,Easy to use,Nothing,2.0,Nothing
Male,Undergraduate,4,My project ,,3,"No, not at all",,,4.0,,4,Most of the time,Not at all,4.0,Definitely,Time saving,Not understanding context,4.0,I don‚Äôt know 
Male,Secondary School,4,Research,1.0,2,"Yes, completely",,,5.0,,3,Never,Pleasure,2.0,Definitely not,Body,Body,2.0,NOthing
Prefer not to say,Undergraduate,4,"Assignment, Research, Calculataion",1.0,1,"Yes, completely",,,4.0,,3,Most of the time,Yes,4.0,Definitely,it answes my questions,not answering questions exactly as i ask,4.0,make it free
Male,Undergraduate,3,research,1.0,1,"Yes, partially",,,4.0,,4,Most of the time,delight,4.0,Definitely,everything,nothing,4.0,its okay as it is
Male,Undergraduate,3,Assignment,1.0,3,"Yes, partially",,,3.0,,2,Neutral,no,3.0,Probably,it works,nothing,3.0,none
Male,Undergraduate,4,assignment,1.0,4,"Yes, partially",,,4.0,,4,A;ways,frustratioon,3.0,Probably,speed,not accurate,3.0,improve accuracy 
Male,Undergraduate,2,All,1.0,2,"Yes, completely",,,4.0,,4,Most of the time,Delight,4.0,Definitely,Useable ,Nothing ,5.0,Nothing 
Male,Undergraduate,4,Research and Assignments ,1.0,4,"Yes, completely",,,4.0,,4,Rarely,Delight ,4.0,Definitely,It‚Äôs educational ,A.I dependencies,5.0,Humanizers should be encouraged
Male,Undergraduate,4,Research,1.0,1,"Yes, completely",,,4.0,,5,Neutral,Intrigue,5.0,Definitely,It's creativity,It's lack of human real-life analysis,5.0,Make it more imaginative
Male,Undergraduate,5,Assignment,1.0,2,"Yes, partially",,,4.0,,4,Most of the time,"ANGER, delight",4.0,Definitely,It's memories can store the method you use in problem solving,uselessness,4.0,free
Male,Undergraduate,5,Research and assignment ,1.0,1,"Yes, completely",,,5.0,,5,A;ways,Delight,5.0,Definitely,It can answer anything,Nothing,5.0,No
Female,Undergraduate,4,Reaearch,1.0,4,"Yes, completely",,,3.0,,4,Most of the time,Confusion,4.0,Probably,Fast,Annoying ,4.0,Get better
Male,Undergraduate,5,Assignment and research ,1.0,3,"Yes, partially",,,3.0,,3,Neutral,Neutral,3.0,Neutral,Ease ,Nothing,3.0,Nothing 
Male,Undergraduate,4,meh,1.0,4,"Yes, completely",,,4.0,,4,Most of the time,delight,4.0,Probably,interaction,ai format,4.0,nothing
Male,Undergraduate,5,Research ,,1,"Yes, partially",,,4.0,,3,Neutral,Confusion,4.0,Probably,Resources,Understanding my request ,5.0,Nothing 
Male,Undergraduate,5,Research,1.0,4,"Yes, completely",,,4.0,,3,Most of the time,Delight,4.0,Definitely,Reliable,Slow response,2.0,Real time
Male,Undergraduate,4,Research ,1.0,4,"Yes, completely",,,4.0,,4,Most of the time,Delight,4.0,Definitely,Response ,Slow,4.0,Detailed responses 
Male,Undergraduate,4,Everything ,1.0,4,"Yes, partially",,,3.0,,3,Neutral,Not really,4.0,Probably,Nothing specific,Nothing specific,4.0,Hmm
Male,Undergraduate,4,assignment,1.0,4,"Yes, completely",,,3.0,,3,Most of the time,delight,4.0,Definitely,very fast,doesnt always give estensive answers,4.0,better versions
Male,Undergraduate,4,Assignment ,1.0,3,"Yes, partially",,,4.0,,3,Neutral,Delight,3.0,Neutral,It saves time,Not understanding context,4.0,No idea
Male,Undergraduate,5,assignment,1.0,5,"Yes, partially",,,4.0,,5,Neutral,delight,4.0,Definitely,ease of use,not always correct,5.0,improve accuracy
Male,Undergraduate,4,Calculations,1.0,4,"Yes, completely",,,5.0,,5,Most of the time,Delight,5.0,Definitely,Simplicity ,Network issues,4.0,Emotions
Male,Undergraduate,2,assignment,1.0,3,"Yes, completely",,,3.0,,3,Neutral,delight,3.0,Neutral,reliability,nil,3.0,nil
Male,Undergraduate,4,Research and assignments ,1.0,2,"Yes, partially",,,4.0,,3,Rarely,Not really ,4.0,Definitely,Reliability ,Not humanized,4.0,Results should be more humanized
Male,Undergraduate,2,Assignment and research ,1.0,1,"Yes, completely",,,4.0,,4,Rarely,Delight ,3.0,Probably,Effective communication ,Non,4.0,More human related replies 
Male,Undergraduate,5,"reseach, homework, advice",,1,"Yes, partially",,,4.0,,4,A;ways,yes,3.0,Definitely,ability to answer any question i asked,not answering me correctly sometimes,4.0,making it free
Male,Undergraduate,3,Assignment,1.0,2,"Yes, completely",,,4.0,,3,Neutral,Its okay,3.0,Neutral,Its fast,Partial answers,3.0,Upgrade
Male,Undergraduate,3,ASSIGNMENTS,1.0,1,"Yes, partially",,,4.0,,3,Most of the time,DELIGHT,3.0,Definitely,EFFICIENCY,NOTHING AT ALL,3.0,IMAGE INPUT
Male,Undergraduate,5,Assignment ,1.0,4,"Yes, completely",,,4.0,,4,Neutral,Delight,4.0,Definitely,Effective ,Not straightforward ,4.0,Human like
Prefer not to say,Secondary School,1,Have fun,0.0,1,"No, not at all",,,1.0,,1,Never,Fat,1.0,Definitely not,It's attractive,fat,2.0,goo goo ga ga
Male,Undergraduate,3,Research ,1.0,4,"Yes, partially",,,4.0,,4,Neutral,Neutral ,4.0,Neutral,Easy to use,Not entirely human like,4.0,None for now
Male,Undergraduate,4,Research ,1.0,1,"Yes, partially",,,4.0,,4,Neutral,Frustration ,4.0,Probably,Capacity ,Non human nature,4.0,Human nature
Male,Undergraduate,4,assignment,1.0,4,"Yes, partially",,,4.0,,4,Neutral,nothiing,4.0,Probably,it was okay,nothing,4.0,nothing
Prefer not to say,Secondary School,3,Hmmm,,3,"Yes, partially",,,3.0,,3,Most of the time,Pele,3.0,Probably,Hmmm,Hmmm,3.0,Hmmm
Male,Undergraduate,3,Many things,1.0,3,"Yes, partially",,,3.0,,3,Neutral,Ok,3.0,Probably,Quick answers ,Nothing ,5.0,None 
Female,Undergraduate,4,"Assignment, research,calculation ",1.0,1,"Yes, completely",,,5.0,,5,A;ways,Delight,5.0,Definitely,Speed,Nothing ,5.0,Non
Male,Undergraduate,2,How ,1.0,3,"Yes, completely",,,3.0,,3,Neutral,Yes,2.0,Probably,Everything ,Yea ,3.0,Yea
Male,Undergraduate,3,Assignment ,,3,"Yes, completely",,,3.0,,3,Neutral,Delight,3.0,Probably,Response ,Slow,3.0,Detailed response 
Male,Undergraduate,5,"Assignment, project",1.0,5,"Yes, completely",,,5.0,,5,A;ways,delight,5.0,Definitely,Answers,Repetition or payment,5.0,Keep scaling
Male,Undergraduate,3,assignment,1.0,4,"Yes, completely",,,4.0,,4,Most of the time,delight,4.0,Probably,its responsive,nothing,4.0,offline web
Male,Undergraduate,3,aSSIGNMENT,1.0,3,"Yes, completely",,,3.0,,3,Neutral,iTS OKAY,3.0,Probably,iTS FAST,nO,3.0,upGRADE
Male,Undergraduate,5,"assignment,research",1.0,4,"Yes, partially",,,5.0,,4,Neutral,delight,4.0,Definitely,its access to information,provide wrong answers,4.0,no
Male,Undergraduate,3,assignment,1.0,3,"Yes, partially",,,3.0,,3,Neutral,delight,3.0,Definitely,ease of use,not accurate,3.0,improve on accuracy 
Male,Undergraduate,5,All,1.0,3,"Yes, partially",,,4.0,,4,Neutral,Naaa,4.0,Definitely,It‚Äôs understandability ,Fact that I had to pay,5.0,Idk
Male,Undergraduate,5,Assignment,1.0,3,"Yes, partially",,,4.0,,4,Most of the time,Not really,4.0,Definitely,Response speed and abundant knowledge,Answers are mostly vague,4.0,Nothing much
Male,Undergraduate,4,assignments ,1.0,4,"Yes, partially",,,4.0,,4,Most of the time,confusion,4.0,Definitely,N/A,N/A,4.0,user friendly 
Male,Undergraduate,3,"assignment, research and topics on other things",1.0,2,"Yes, completely",,,4.0,,3,Most of the time,Neutral,3.0,Probably,nothing,nothing,4.0,nothing
Male,Undergraduate,5,assignment,0.0,3,"Yes, partially",,,3.0,,3,Neutral,no,3.0,Neutral,none,none,3.0,none
Male,Undergraduate,2,Assignment ,1.0,1,"Yes, completely",,,5.0,,4,Most of the time,Delightful ,4.0,Definitely,It was engaging,It doesn't answer completely answer like humans,4.0,Let it be  more emotional 
Male,Secondary School,4,Research ,1.0,1,"Yes, completely",,,5.0,,5,A;ways,Happy ,5.0,Definitely,Good ,Nothing ,5.0,No
Female,Undergraduate,5,Assignment ,1.0,1,"Yes, completely",,,5.0,,5,Most of the time,Confusion ,4.0,Definitely,Its fast response ,It‚Äôs frustrating answers,5.0,Yes
Male,Undergraduate,3,python,0.0,2,"Yes, partially",,,3.0,,3,Neutral,ok,2.0,Neutral,ok,no,3.0,yes
Male,Undergraduate,5,Research,1.0,1,"Yes, partially",,,5.0,,5,Most of the time,no,5.0,Definitely,effectiveness,nothing really,5.0,no
Male,Undergraduate,4,research,1.0,2,"Yes, partially",,,3.0,,3,Neutral,delight,4.0,Neutral,fast,discussions,3.0,speed
Male,Undergraduate,1,Trading ,1.0,3,"Yes, partially",,,2.0,,2,A;ways,No,3.0,Probably,Nothing ,Nothing ,2.0,Nothing 
Male,Undergraduate,1,assigment,0.0,1,"Yes, partially",,,2.0,,2,Most of the time,delight,2.0,Probably,good,dood,2.0,good
Male,Undergraduate,5,calculation,1.0,5,"Yes, completely",,,4.0,,5,A;ways,delight,4.0,Definitely,enlighting,confusing,5.0,nothing
Male,Undergraduate,5,Assignment,1.0,1,"Yes, completely",,,5.0,,5,A;ways,Delight ,5.0,Definitely,Speed,Nothing,5.0,Non
Male,Undergraduate,4,All,1.0,4,"Yes, completely",,,3.0,,3,Most of the time,No,4.0,Probably,It's helpful,Needs a lot of clarification,4.0,Make ChatGPT 4.0 free
Male,Undergraduate,4, Assignment,1.0,3,"Yes, completely",,,3.0,,3,A;ways,frustration,3.0,Definitely,frustration,frustration,3.0,frustration
Male,Undergraduate,4,"Assignment, research",1.0,2,"Yes, completely",,,4.0,,4,A;ways,"Yes, at times",4.0,Definitely,Well detailed answers,In organized answers at times,4.0,Interface
Male,Undergraduate,4,"Assignment,  research and programming ",1.0,3,"Yes, completely",,,3.0,,3,Neutral,Confusion and frustration ,3.0,Probably,Interaction ,Lengthy answers,4.0,Use short answers
Male,Undergraduate,4,Assignment ,1.0,2,"Yes, partially",,,5.0,,4,Most of the time,No,4.0,Definitely,It gives how questions can be written and how,Nothing,4.0,Null
Female,Undergraduate,5,"Research, coding ",1.0,1,"Yes, completely",,,3.0,,4,Neutral,No,4.0,Definitely,Quick answers,Not understanding sometimes ,4.0,None 
Female,Undergraduate,5,Assignments and research ,,3,"Yes, partially",,,3.0,,3,Neutral,Nope,3.0,Probably,Accessibility ,Answers arent human like and limited resources ,4.0,More options to upload materials and probaky a voice input feature
Male,Undergraduate,5,Research ,1.0,5,"Yes, completely",,,5.0,,5,A;ways,Hehh,5.0,Neutral,Jejksosile,Hhshhhhhd,5.0,Hhejjjjjjkkk
Female,Undergraduate,3,"assignment, research",1.0,3,"Yes, partially",,,3.0,,3,Most of the time,frustration,3.0,Probably,fast,dislike,3.0,ohk
Male,Undergraduate,5,Research ,0.0,3,"Yes, partially",,,3.0,,2,Neutral,Delight,5.0,Neutral,Availability ,4 not free,5.0,Free all 
Female,Undergraduate,5,"Assignments, research, calculations ",1.0,3,"Yes, partially",,,4.0,,4,Most of the time,"Confusion, delight ",3.0,Definitely,It is very effective and helps you save time while giving relatively accurate information ,Sometimes chatgpt may not understand the prompt,4.0,Fact checking 
Male,Undergraduate,4,Assignment,1.0,4,"Yes, completely",,,4.0,,4,Neutral,No,3.0,Definitely,Nothing,Nothing,4.0,Interactive impovement is needed
Male,Undergraduate,2,Assignment ,1.0,1,"Yes, partially",,,4.0,,3,Most of the time,Delight,3.0,Neutral,Efficient ,Dlis,4.0,Nothing 
Male,Undergraduate,5,Calculation ,1.0,5,"Yes, completely",,,5.0,,5,A;ways,Short ,5.0,Definitely,N/A,Everything ,5.0,Nothing 
Female,Undergraduate,5,assignment,1.0,3,"Yes, partially",,,4.0,,3,Neutral,no,3.0,Neutral,no,no,3.0,no
Male,Undergraduate,5,"Research, assignment",,3,"Yes, completely",,,3.0,,4,Rarely,delight,3.0,Definitely,it give almost accurate answers ,it is not humanized ,4.0,by humanizing it
Male,Undergraduate,5,Research,1.0,2,"Yes, completely",,,4.0,,4,Most of the time,Motivation,4.0,Definitely,Quality of Response,The scale of response is usually too large compared to the task to be completed.,3.0,The tone of response to be more human like
Female,Undergraduate,5,Research on various informations,1.0,2,"Yes, partially",,,4.0,,4,Most of the time,No,4.0,Definitely,User interaction ,You have to tailor your prompts very specifically to get your desired result.,4.0,None for now 
Female,Undergraduate,2,"Assignment, research ",1.0,1,"Yes, partially",,,4.0,,4,Most of the time,No,4.0,Probably,Accuracy,It was precise,4.0,I don‚Äôt have any
Male,Secondary School,4,Yes,1.0,5,"Yes, completely",,,5.0,,2,A;ways,No,5.0,Definitely,Yes,Yes,5.0,Noo
Male,Secondary School,5,Research ,1.0,2,"Yes, completely",,,5.0,,5,A;ways,Delicious ,5.0,Definitely,Easy ,Nothing ,5.0,No
Female,Undergraduate,5,Research and assignment,1.0,2,"Yes, partially",,,5.0,,4,Neutral,Delight ,4.0,Probably,It is effective,It is not straightforward,4.0,Make its responses  more human like
Female,Undergraduate,4,Assignments and Research ,1.0,1,"Yes, partially",,,4.0,,5,Most of the time,Delight and Confusion sometimes ,4.0,Definitely,It‚Äôs effectiveness ,Nil,4.0,Nil
Female,Undergraduate,3,"Research, Assignment ",1.0,3,"Yes, partially",,,4.0,,3,Rarely,"Yes, stress",3.0,Neutral,It‚Äôs fast,It‚Äôs slow,3.0,None 
Female,Undergraduate,5,Assignment ,1.0,1,"Yes, completely",,,5.0,,5,A;ways,No,5.0,Definitely,Understanding ,Nothing ,5.0,Nothing 
Female,Undergraduate,1,Resaearch,1.0,1,"Yes, partially",,,5.0,,5,Neutral,Delight ,5.0,Probably,Good answers ,Errors,5.0,Gain more knowledge 
Female,Undergraduate,5,Research ,,5,"Yes, partially",,,4.0,,4,Most of the time,Confusion ,3.0,Probably,It is fast,It needs precise tasks,4.0,It should expand it's search
Female,Undergraduate,5,Assignment and research,1.0,1,"Yes, completely",,,5.0,,4,Rarely,delight,5.0,Definitely,its usefulness,its plainess,4.0,bringing more human interaction
Male,Undergraduate,5,research ,1.0,4,"Yes, completely",,,4.0,,4,A;ways,t7uyiuji;k,3.0,Neutral,xtrhj,tyuhj,3.0,cuyi
Female,Undergraduate,4,Assignments and research,1.0,1,"Yes, completely",,,5.0,,4,Most of the time,delight and satisfaction,4.0,Definitely,Its reliability,The fact that the answers it gives isn't always humanlike,5.0,making the interaction with humans more interesting
Male,Undergraduate,4,Research,1.0,1,"Yes, completely",,,4.0,,4,Most of the time,tdfyh,2.0,Neutral,"gjn,",uyj,3.0,hkv j
